{
	"sipm0": 80.24905883393143,
	"sipm1": 60.37426098222165,
	"sipm2": 58.028655359634676,
	"sipm3": 54.90779820420949,
	"sipm4": 77.12430624548973,
	"sipm5": 72.79767589790524,
	"sipm6": 46.263541374658544,
	"sipm7": 66.57596415339077,
	"sipm8": 45.75271384182865,
	"sipm9": 54.469387862803046,
	"sipm10": 57.914928388851145,
	"sipm11": 68.90081508685371,
	"sipm12": 73.42323287904878,
	"sipm13": 69.62972766543433,
	"sipm14": 67.06930562266245,
	"sipm15": 71.62602700095653,
	"sipm16": 44.78211157689218,
	"sipm17": 44.12430624548973,
	"sipm18": 96.13162908224555,
	"sipm19": 58.91492838885114,
	"sipm20": 54.78211157689218,
	"sipm21": 49.25223991498777,
	"sipm22": 35.186403005320045,
	"sipm23": 60.876136914971156,
	"sipm24": 69.06930562266245,
	"sipm25": 57.396970671379584,
	"sipm26": 59.574774669712106,
	"sipm27": 62.446302991651066,
	"sipm28": 60.66550031619002,
	"sipm29": 58.57847290862291,
	"sipm30": 56.028655359634676,
	"sipm31": 74.7525974817465,
	"sipm32": 59.629727665434324,
	"sipm33": 34.186403005320045,
	"sipm34": 62.93744181361453,
	"sipm35": 68.75271384182865,
	"sipm36": 60.90081508685371,
	"sipm37": 64.24027498590212,
	"sipm38": 69.2633598570541,
	"sipm39": 78.38505370669674,
	"sipm40": 72.00713018464164,
	"sipm41": 64.29152731714655,
	"sipm42": 68.49991594216013,
	"sipm43": 66.48732285987006,
	"sipm44": 33.97799264087398,
	"sipm45": 60.14417277171107,
	"sipm46": 60.688585187342,
	"sipm47": 40.608822294554656,
	"sipm48": 61.66120338850495,
	"sipm49": 62.900815086853704,
	"sipm50": 65.0,
	"sipm51": 44.95212656200055,
	"sipm52": 50.463707000635736,
	"sipm53": 98.5851346635617
}