{
	"sipm0": 75.1761826281969,
	"sipm1": 70.37426098222164,
	"sipm2": 76.06930562266245,
	"sipm3": 75.50717530361453,
	"sipm4": 73.18640300532003,
	"sipm5": 60.50717530361454,
	"sipm6": 58.952126562000565,
	"sipm7": 58.446302991651066,
	"sipm8": 56.01827066152035,
	"sipm9": 59.01827066152035,
	"sipm10": 76.7086613808774,
	"sipm11": 64.54201439150407,
	"sipm12": 69.80157246920263,
	"sipm13": 74.54201439150407,
	"sipm14": 64.12909550366166,
	"sipm15": 78.06930562266245,
	"sipm16": 84.92414061951256,
	"sipm17": 60.95212656200056,
	"sipm18": 80.24905883393143,
	"sipm19": 56.142755818677244,
	"sipm20": 47.54201439150408,
	"sipm21": 59.75271384182866,
	"sipm22": 53.3924601071849,
	"sipm23": 72.37426098222166,
	"sipm24": 55.17206635492491,
	"sipm25": 77.9008150868537,
	"sipm26": 50.42323287904878,
	"sipm27": 71.80157246920263,
	"sipm28": 81.3924601071849,
	"sipm29": 59.24027498590211,
	"sipm30": 62.71894744142317,
	"sipm31": 46.356886246604276,
	"sipm32": 40.90081508685371,
	"sipm33": 54.446302991651066,
	"sipm34": 43.48150570993175,
	"sipm35": 69.71894744142317,
	"sipm36": 60.50273501044321,
	"sipm37": 81.3924601071849,
	"sipm38": 53.186881229124495,
	"sipm39": 58.35181138523055,
	"sipm40": 58.876136914971156,
	"sipm41": 56.291527317146546,
	"sipm42": 51.62602700095652,
	"sipm43": 109.14981288206154,
	"sipm44": 51.24027498590211,
	"sipm45": 80.1761826281969,
	"sipm46": 37.30485607440497,
	"sipm47": 81.13509923742508,
	"sipm48": 56.95212656200056,
	"sipm49": 62.186881229124495,
	"sipm50": 51.35181138523053,
	"sipm51": 56.02124348663907,
	"sipm52": 49.60294212980453,
	"sipm53": 55.92904169084858
}