{
	"sipm0": 44.68858518734199,
	"sipm1": 69.7525974817465,
	"sipm2": 73.7525974817465,
	"sipm3": 85.93968226976901,
	"sipm4": 84.78145640027918,
	"sipm5": 62.90779820420949,
	"sipm6": 68.14275581867724,
	"sipm7": 56.797675897905236,
	"sipm8": 39.626027000956526,
	"sipm9": 96.93036675477363,
	"sipm10": 56.66120338850495,
	"sipm11": 70.66120338850496,
	"sipm12": 60.37208707080548,
	"sipm13": 83.52300081331211,
	"sipm14": 41.49991594216012,
	"sipm15": 64.37208707080549,
	"sipm16": 25.351811385230548,
	"sipm17": 37.37208707080548,
	"sipm18": 55.90081508685371,
	"sipm19": 71.24027498590212,
	"sipm20": 108.86385605339768,
	"sipm21": 65.25723222719314,
	"sipm22": 48.01827066152034,
	"sipm23": 66.26354137465856,
	"sipm24": 58.42323287904878,
	"sipm25": 46.91492838885114,
	"sipm26": 50.95212656200056,
	"sipm27": 79.02124348663907,
	"sipm28": 62.50273501044322,
	"sipm29": 69.24027498590212,
	"sipm30": 51.9129725924329,
	"sipm31": 68.06930562266245,
	"sipm32": 42.66120338850496,
	"sipm33": 56.24905883393143,
	"sipm34": 49.629727665434324,
	"sipm35": 54.142755818677244,
	"sipm36": 60.54201439150408,
	"sipm37": 70.46370700063574,
	"sipm38": 58.78080267546105,
	"sipm39": 66.01827066152035,
	"sipm40": 79.38505370669674,
	"sipm41": 68.26354137465854,
	"sipm42": 37.71523450194242,
	"sipm43": 32.263541374658544,
	"sipm44": 45.90779820420949,
	"sipm45": 84.63935575821495,
	"sipm46": 72.71894744142317,
	"sipm47": 39.929041690848564,
	"sipm48": 63.752713841828665,
	"sipm49": 55.99999999999999,
	"sipm50": 45.0,
	"sipm51": 38.78080267546105,
	"sipm52": 40.263541374658544,
	"sipm53": 41.66120338850495
}