{
	"sipm0": 70.54201439150408,
	"sipm1": 49.2633598570541,
	"sipm2": 69.39697067137959,
	"sipm3": 81.3924601071849,
	"sipm4": 56.75271384182866,
	"sipm5": 47.356666651130965,
	"sipm6": 53.95212656200056,
	"sipm7": 45.52185898507444,
	"sipm8": 79.97799264087398,
	"sipm9": 76.37208707080549,
	"sipm10": 52.9077982042095,
	"sipm11": 64.95212656200056,
	"sipm12": 49.71894744142317,
	"sipm13": 50.57847290862292,
	"sipm14": 59.0,
	"sipm15": 61.87292516245238,
	"sipm16": 58.263359857054105,
	"sipm17": 55.291527317146546,
	"sipm18": 55.56225043767045,
	"sipm19": 47.01827066152035,
	"sipm20": 57.124306245489734,
	"sipm21": 55.14209076865815,
	"sipm22": 49.87613691497114,
	"sipm23": 62.372087070805485,
	"sipm24": 57.35181138523055,
	"sipm25": 46.95212656200056,
	"sipm26": 57.56225043767046,
	"sipm27": 73.57847290862293,
	"sipm28": 56.651741598211515,
	"sipm29": 54.1868812291245,
	"sipm30": 49.78211157689217,
	"sipm31": 63.90081508685371,
	"sipm32": 27.559185218402078,
	"sipm33": 57.84306603031913,
	"sipm34": 52.64655460395541,
	"sipm35": 69.44140192031506,
	"sipm36": 55.83534138127712,
	"sipm37": 63.95212656200056,
	"sipm38": 79.75259748174649,
	"sipm39": 36.2633598570541,
	"sipm40": 59.87963074411705,
	"sipm41": 49.60294212980453,
	"sipm42": 44.821973629067585,
	"sipm43": 51.91492838885114,
	"sipm44": 55.12430624548972,
	"sipm45": 78.38505370669674,
	"sipm46": 69.95212656200056,
	"sipm47": 46.03593596268252,
	"sipm48": 53.801572469202625,
	"sipm49": 47.84796710165513,
	"sipm50": 38.57847290862291,
	"sipm51": 54.12909550366166,
	"sipm52": 46.14209076865815,
	"sipm53": 61.602942129804546
}