{
	"sipm0": 65.07595686472428,
	"sipm1": 71.37208707080549,
	"sipm2": 60.18688122912451,
	"sipm3": 52.38505370669672,
	"sipm4": 43.94291433133913,
	"sipm5": 58.65174159821152,
	"sipm6": 34.95212656200056,
	"sipm7": 40.87963074411705,
	"sipm8": 37.76905794442992,
	"sipm9": 62.14209076865815,
	"sipm10": 60.02865535963467,
	"sipm11": 67.91297259243291,
	"sipm12": 61.75271384182866,
	"sipm13": 59.08721352563864,
	"sipm14": 54.37426098222166,
	"sipm15": 50.25723222719314,
	"sipm16": 32.78080267546105,
	"sipm17": 44.263541374658544,
	"sipm18": 50.34823881608878,
	"sipm19": 69.25223991498777,
	"sipm20": 37.626027000956526,
	"sipm21": 58.71894744142318,
	"sipm22": 36.15229218797772,
	"sipm23": 36.48747394525759,
	"sipm24": 45.64655460395541,
	"sipm25": 30.977992640873964,
	"sipm26": 52.63935575821494,
	"sipm27": 81.3085392017979,
	"sipm28": 80.06741322894304,
	"sipm29": 57.3924601071849,
	"sipm30": 43.3969706713796,
	"sipm31": 45.01634241530306,
	"sipm32": 62.07669473971863,
	"sipm33": 33.14209076865815,
	"sipm34": 21.942914331339125,
	"sipm35": 46.75271384182866,
	"sipm36": 63.752713841828665,
	"sipm37": 68.25432914399713,
	"sipm38": 68.49991594216013,
	"sipm39": 62.252239914987776,
	"sipm40": 70.97799264087398,
	"sipm41": 45.3859451777825,
	"sipm42": 38.52300081331211,
	"sipm43": 39.0,
	"sipm44": 48.78211157689218,
	"sipm45": 45.576674401320915,
	"sipm46": 55.36064424178506,
	"sipm47": 56.37208707080549,
	"sipm48": 48.42323287904878,
	"sipm49": 44.00713018464164,
	"sipm50": 57.15229218797772,
	"sipm51": 31.942914331339125,
	"sipm52": 40.60294212980454,
	"sipm53": 41.91492838885113
}