{
	"sipm0": 51.62972766543432,
	"sipm1": 60.52185898507444,
	"sipm2": 54.95066607635174,
	"sipm3": 71.24942807266112,
	"sipm4": 73.91492838885114,
	"sipm5": 67.16093961849322,
	"sipm6": 74.83534138127712,
	"sipm7": 57.66120338850496,
	"sipm8": 116.47455645197795,
	"sipm9": 58.144172771711055,
	"sipm10": 62.74711490151561,
	"sipm11": 61.85238154531452,
	"sipm12": 61.14209076865815,
	"sipm13": 58.263359857054105,
	"sipm14": 61.49991594216013,
	"sipm15": 71.62972766543433,
	"sipm16": 59.626027000956526,
	"sipm17": 70.50717530361453,
	"sipm18": 81.65174159821152,
	"sipm19": 73.75271384182867,
	"sipm20": 75.35181138523053,
	"sipm21": 67.14275581867724,
	"sipm22": 58.30485607440495,
	"sipm23": 70.75271384182865,
	"sipm24": 66.30485607440497,
	"sipm25": 65.63935575821495,
	"sipm26": 58.62602700095652,
	"sipm27": 61.22272973817386,
	"sipm28": 58.25223991498777,
	"sipm29": 53.75576530586462,
	"sipm30": 84.35688624660429,
	"sipm31": 44.24905883393144,
	"sipm32": 68.50273501044322,
	"sipm33": 68.7525974817465,
	"sipm34": 44.14275581867723,
	"sipm35": 66.60294212980455,
	"sipm36": 76.04432835779104,
	"sipm37": 69.95212656200056,
	"sipm38": 66.22272973817387,
	"sipm39": 60.57596415339077,
	"sipm40": 62.24027498590212,
	"sipm41": 61.46370700063572,
	"sipm42": 58.949112903955886,
	"sipm43": 61.1868812291245,
	"sipm44": 62.54201439150408,
	"sipm45": 94.96693146857156,
	"sipm46": 77.49991594216013,
	"sipm47": 63.01827066152034,
	"sipm48": 65.7525974817465,
	"sipm49": 72.14209076865816,
	"sipm50": 76.37426098222164,
	"sipm51": 47.04922942912705,
	"sipm52": 39.97710382687194,
	"sipm53": 64.14417277171106
}