{
	"sipm0": 47.18640300532004,
	"sipm1": 51.12909550366167,
	"sipm2": 57.87613691497114,
	"sipm3": 49.95212656200055,
	"sipm4": 67.24027498590212,
	"sipm5": 46.29152731714653,
	"sipm6": 57.069305622662455,
	"sipm7": 50.35181138523053,
	"sipm8": 50.687901529957415,
	"sipm9": 68.91297259243291,
	"sipm10": 48.069305622662455,
	"sipm11": 53.069305622662455,
	"sipm12": 38.688585187342,
	"sipm13": 98.79763415506092,
	"sipm14": 70.90779820420948,
	"sipm15": 53.257232227193136,
	"sipm16": 57.469387862803046,
	"sipm17": 51.83534138127713,
	"sipm18": 46.57847290862291,
	"sipm19": 44.18640300532003,
	"sipm20": 55.50717530361453,
	"sipm21": 35.60294212980453,
	"sipm22": 63.25723222719313,
	"sipm23": 61.14209076865815,
	"sipm24": 61.469387862803046,
	"sipm25": 38.665500316190005,
	"sipm26": 41.60294212980454,
	"sipm27": 78.37426098222166,
	"sipm28": 47.68858518734199,
	"sipm29": 53.02124348663907,
	"sipm30": 55.57847290862292,
	"sipm31": 56.90081508685371,
	"sipm32": 89.33954063944228,
	"sipm33": 64.2633598570541,
	"sipm34": 36.60882229455464,
	"sipm35": 52.688585187342,
	"sipm36": 66.02865535963468,
	"sipm37": 107.74299889797251,
	"sipm38": 49.48732285987007,
	"sipm39": 52.602942129804546,
	"sipm40": 63.78080267546105,
	"sipm41": 44.021243486639065,
	"sipm42": 50.90779820420949,
	"sipm43": 51.56225043767044,
	"sipm44": 54.35666665113097,
	"sipm45": 77.62602700095653,
	"sipm46": 53.48732285987006,
	"sipm47": 50.42323287904878,
	"sipm48": 38.90081508685371,
	"sipm49": 38.57847290862291,
	"sipm50": 51.75271384182865,
	"sipm51": 60.71894744142317,
	"sipm52": 38.50717530361453,
	"sipm53": 93.655698173518
}