{
	"sipm0": 61.14275581867724,
	"sipm1": 78.7525974817465,
	"sipm2": 37.687901529957415,
	"sipm3": 78.62972766543433,
	"sipm4": 45.14209076865816,
	"sipm5": 74.2633598570541,
	"sipm6": 66.2471989593555,
	"sipm7": 51.1868812291245,
	"sipm8": 58.37426098222165,
	"sipm9": 57.83534138127713,
	"sipm10": 77.66120338850496,
	"sipm11": 39.79767589790522,
	"sipm12": 76.49991594216013,
	"sipm13": 44.37426098222164,
	"sipm14": 40.90081508685371,
	"sipm15": 74.3924601071849,
	"sipm16": 43.30485607440495,
	"sipm17": 50.97799264087397,
	"sipm18": 67.05055402288674,
	"sipm19": 73.60294212980455,
	"sipm20": 58.339540639442276,
	"sipm21": 66.36064424178505,
	"sipm22": 53.876136914971156,
	"sipm23": 51.221238477343405,
	"sipm24": 55.49991594216012,
	"sipm25": 44.116740589887726,
	"sipm26": 62.469387862803046,
	"sipm27": 51.385945177782496,
	"sipm28": 63.835341381277125,
	"sipm29": 48.90081508685371,
	"sipm30": 44.57847290862293,
	"sipm31": 59.60294212980455,
	"sipm32": 58.44140192031506,
	"sipm33": 40.124306245489734,
	"sipm34": 38.39697067137959,
	"sipm35": 33.116740589887726,
	"sipm36": 60.835341381277125,
	"sipm37": 81.3859451777825,
	"sipm38": 53.50717530361453,
	"sipm39": 64.68790152995741,
	"sipm40": 39.142755818677244,
	"sipm41": 64.98011250448855,
	"sipm42": 62.64655460395541,
	"sipm43": 47.06930562266246,
	"sipm44": 64.83534138127712,
	"sipm45": 82.44140192031506,
	"sipm46": 48.78921335085956,
	"sipm47": 70.49991594216013,
	"sipm48": 65.91297259243291,
	"sipm49": 54.081595811054626,
	"sipm50": 57.78080267546105,
	"sipm51": 54.49991594216013,
	"sipm52": 66.57596415339077,
	"sipm53": 70.30485607440497
}