{
	"sipm0": 50.929041690848564,
	"sipm1": 115.08462876642415,
	"sipm2": -27.538772305280474,
	"sipm3": 79.87613691497114,
	"sipm4": 58.608822294554656,
	"sipm5": 67.71894744142318,
	"sipm6": 68.02124348663907,
	"sipm7": 58.876136914971156,
	"sipm8": 67.79767589790524,
	"sipm9": 63.92904169084858,
	"sipm10": 71.75271384182867,
	"sipm11": 39.03593596268253,
	"sipm12": 54.14209076865815,
	"sipm13": 69.66120338850496,
	"sipm14": 55.87963074411705,
	"sipm15": 52.0364407208893,
	"sipm16": 59.797675897905236,
	"sipm17": 69.00713018464165,
	"sipm18": 60.54628452410765,
	"sipm19": 47.12909550366165,
	"sipm20": 58.57596415339077,
	"sipm21": 70.02865535963468,
	"sipm22": 64.01827066152035,
	"sipm23": 60.42323287904879,
	"sipm24": 46.1868812291245,
	"sipm25": 60.71894744142317,
	"sipm26": 52.62602700095651,
	"sipm27": 51.06930562266245,
	"sipm28": 57.49991594216013,
	"sipm29": 99.22657242482956,
	"sipm30": 116.12182693957354,
	"sipm31": 62.48732285987006,
	"sipm32": 53.83534138127712,
	"sipm33": 42.021243486639065,
	"sipm34": 53.01827066152035,
	"sipm35": 47.715234501942426,
	"sipm36": 51.872925162452376,
	"sipm37": 35.646554603955394,
	"sipm38": 54.14209076865815,
	"sipm39": 47.35181138523053,
	"sipm40": 63.718947441423175,
	"sipm41": 53.240274985902126,
	"sipm42": 37.665500316190005,
	"sipm43": 39.57596415339076,
	"sipm44": 47.36064424178505,
	"sipm45": 61.069305622662455,
	"sipm46": 106.6571743228306,
	"sipm47": 65.71894744142318,
	"sipm48": 49.608822294554656,
	"sipm49": 55.25723222719314,
	"sipm50": 49.48732285987007,
	"sipm51": 44.24719895935549,
	"sipm52": 52.02865535963467,
	"sipm53": 62.36064424178505
}