{
	"sipm0": 54.55918521840208,
	"sipm1": 71.24905883393143,
	"sipm2": 52.46370700063573,
	"sipm3": 66.62972766543433,
	"sipm4": 62.95212656200055,
	"sipm5": 60.12430624548972,
	"sipm6": 59.91492838885114,
	"sipm7": 42.87613691497114,
	"sipm8": 58.446302991651066,
	"sipm9": 80.24905883393143,
	"sipm10": 58.42323287904878,
	"sipm11": 55.872925162452376,
	"sipm12": 61.25223991498777,
	"sipm13": 80.62602700095653,
	"sipm14": 71.37208707080549,
	"sipm15": 63.68790152995743,
	"sipm16": 67.66120338850496,
	"sipm17": 44.36064424178507,
	"sipm18": 64.37426098222166,
	"sipm19": 52.06930562266246,
	"sipm20": 54.01827066152035,
	"sipm21": 62.92904169084858,
	"sipm22": 59.92904169084857,
	"sipm23": 56.542014391504075,
	"sipm24": 104.83499713486499,
	"sipm25": 64.71894744142317,
	"sipm26": 60.01827066152035,
	"sipm27": 71.66120338850496,
	"sipm28": 84.21650804128024,
	"sipm29": 64.30485607440497,
	"sipm30": 55.7525974817465,
	"sipm31": 101.22515547179573,
	"sipm32": 54.30485607440496,
	"sipm33": 48.907798204209485,
	"sipm34": 54.83534138127713,
	"sipm35": 41.687901529957415,
	"sipm36": 68.87613691497114,
	"sipm37": 63.37208707080549,
	"sipm38": 80.62602700095653,
	"sipm39": 63.95212656200056,
	"sipm40": 48.24027498590212,
	"sipm41": 52.25723222719313,
	"sipm42": 50.469387862803046,
	"sipm43": 62.26354137465856,
	"sipm44": 59.14209076865815,
	"sipm45": 63.069305622662455,
	"sipm46": 77.02865535963467,
	"sipm47": 59.42323287904879,
	"sipm48": 60.14807319011162,
	"sipm49": 59.87963074411705,
	"sipm50": 57.66120338850496,
	"sipm51": 45.48732285987006,
	"sipm52": 54.02865535963467,
	"sipm53": 50.50717530361453
}