{
	"sipm0": 61.50717530361453,
	"sipm1": 51.15229218797772,
	"sipm2": 59.26354137465855,
	"sipm3": 69.54201439150407,
	"sipm4": 54.26354137465855,
	"sipm5": 55.626027000956526,
	"sipm6": 60.876136914971156,
	"sipm7": 60.0,
	"sipm8": 52.54201439150408,
	"sipm9": 70.50717530361453,
	"sipm10": 66.65174159821152,
	"sipm11": 69.12909550366166,
	"sipm12": 46.66550031619001,
	"sipm13": 57.24027498590212,
	"sipm14": 54.9491129039559,
	"sipm15": 36.05055402288673,
	"sipm16": 72.87963074411707,
	"sipm17": 56.57847290862293,
	"sipm18": 84.49783393910721,
	"sipm19": 64.48732285987006,
	"sipm20": 64.25723222719313,
	"sipm21": 58.38505370669674,
	"sipm22": 44.12430624548973,
	"sipm23": 55.629727665434324,
	"sipm24": 61.78211157689218,
	"sipm25": 50.13509923742508,
	"sipm26": 36.58086522472678,
	"sipm27": 57.56225043767046,
	"sipm28": 65.24027498590212,
	"sipm29": 55.54201439150408,
	"sipm30": 58.35181138523055,
	"sipm31": 52.69612301900915,
	"sipm32": 53.463707000635736,
	"sipm33": 35.05055402288673,
	"sipm34": 51.939682269769015,
	"sipm35": 74.42323287904878,
	"sipm36": 60.499915942160115,
	"sipm37": 79.2633598570541,
	"sipm38": 55.14417277171106,
	"sipm39": 34.9077982042095,
	"sipm40": 46.83534138127713,
	"sipm41": 33.00713018464164,
	"sipm42": 44.36064424178507,
	"sipm43": 46.04432835779105,
	"sipm44": 40.79767589790522,
	"sipm45": 78.18688122912451,
	"sipm46": 59.78080267546106,
	"sipm47": 53.144172771711055,
	"sipm48": 47.38505370669672,
	"sipm49": 91.51695791373842,
	"sipm50": 56.24905883393143,
	"sipm51": 49.57596415339077,
	"sipm52": 46.9129725924329,
	"sipm53": 49.0
}