{
	"sipm0": 62.602942129804546,
	"sipm1": 50.26335985705409,
	"sipm2": 56.87963074411705,
	"sipm3": 42.66120338850496,
	"sipm4": 57.38505370669672,
	"sipm5": 33.797675897905236,
	"sipm6": 38.98011250448853,
	"sipm7": 30.84796710165513,
	"sipm8": 41.835341381277125,
	"sipm9": 63.124306245489734,
	"sipm10": 54.01827066152035,
	"sipm11": 53.01827066152035,
	"sipm12": 47.90081508685371,
	"sipm13": 49.12909550366167,
	"sipm14": 46.254329143997126,
	"sipm15": 27.02865535963467,
	"sipm16": 27.952126562000558,
	"sipm17": 35.76905794442992,
	"sipm18": 61.66059924485401,
	"sipm19": 54.1868812291245,
	"sipm20": 64.18688122912451,
	"sipm21": 49.95212656200055,
	"sipm22": 43.469387862803046,
	"sipm23": 50.02865535963467,
	"sipm24": 41.97710382687194,
	"sipm25": 46.35181138523054,
	"sipm26": 38.36064424178505,
	"sipm27": 45.57596415339077,
	"sipm28": 57.02865535963467,
	"sipm29": 35.46370700063572,
	"sipm30": 55.35181138523053,
	"sipm31": 51.75271384182865,
	"sipm32": 31.769057944429903,
	"sipm33": 41.68858518734199,
	"sipm34": 49.87613691497114,
	"sipm35": 39.36064424178505,
	"sipm36": 57.801572469202625,
	"sipm37": 54.396970671379584,
	"sipm38": 50.36064424178506,
	"sipm39": 56.66120338850495,
	"sipm40": 36.747114901515616,
	"sipm41": 48.12909550366166,
	"sipm42": 24.385053706696723,
	"sipm43": 36.91492838885114,
	"sipm44": 47.02865535963467,
	"sipm45": 44.0,
	"sipm46": 47.356666651130965,
	"sipm47": 45.79767589790523,
	"sipm48": 56.929041690848564,
	"sipm49": 58.01827066152035,
	"sipm50": 36.84796710165513,
	"sipm51": 52.57596415339076,
	"sipm52": 39.01827066152035,
	"sipm53": 40.66120338850496
}