{
	"sipm0": 40.35181138523053,
	"sipm1": 76.14209076865815,
	"sipm2": 64.46370700063574,
	"sipm3": 51.62972766543432,
	"sipm4": 58.687901529957415,
	"sipm5": 76.02865535963467,
	"sipm6": 72.38416882529602,
	"sipm7": 56.12909550366167,
	"sipm8": 46.521858985074424,
	"sipm9": 75.04432835779106,
	"sipm10": 76.35688624660429,
	"sipm11": 72.0,
	"sipm12": 46.356666651130965,
	"sipm13": 53.249058833931436,
	"sipm14": 43.00713018464164,
	"sipm15": 44.90779820420949,
	"sipm16": 51.542014391504075,
	"sipm17": 56.57847290862293,
	"sipm18": 49.186881229124495,
	"sipm19": 66.24027498590212,
	"sipm20": 71.95212656200056,
	"sipm21": 49.76905794442992,
	"sipm22": 58.24905883393143,
	"sipm23": 67.49783393910721,
	"sipm24": 44.14275581867723,
	"sipm25": 38.651741598211515,
	"sipm26": 39.71894744142318,
	"sipm27": 88.22126061256868,
	"sipm28": 57.0,
	"sipm29": 36.50273501044322,
	"sipm30": 55.3924601071849,
	"sipm31": 59.42323287904879,
	"sipm32": 51.021243486639065,
	"sipm33": 48.38505370669673,
	"sipm34": 104.0823996531185,
	"sipm35": 59.574774669712106,
	"sipm36": 83.66059924485401,
	"sipm37": 52.18688122912451,
	"sipm38": 73.52185898507443,
	"sipm39": 69.75271384182867,
	"sipm40": 43.06440455132645,
	"sipm41": 28.049229429127053,
	"sipm42": 61.392460107184895,
	"sipm43": 25.247198959355487,
	"sipm44": 52.99509892866399,
	"sipm45": 84.49783393910721,
	"sipm46": 72.90081508685373,
	"sipm47": 80.7525974817465,
	"sipm48": 71.12909550366166,
	"sipm49": 52.99999999999999,
	"sipm50": 61.75271384182866,
	"sipm51": 57.02865535963467,
	"sipm52": 41.76905794442992,
	"sipm53": 46.48732285987007
}