{
	"sipm0": 61.80157246920262,
	"sipm1": 53.14209076865816,
	"sipm2": 55.71894744142317,
	"sipm3": 60.3859451777825,
	"sipm4": 53.45930648516516,
	"sipm5": 72.46370700063572,
	"sipm6": 69.91297259243291,
	"sipm7": 63.92904169084858,
	"sipm8": 36.54201439150407,
	"sipm9": 58.3085392017979,
	"sipm10": 67.46370700063572,
	"sipm11": 50.14275581867724,
	"sipm12": 69.24027498590212,
	"sipm13": 44.372087070805485,
	"sipm14": 62.01827066152035,
	"sipm15": 54.780802675461054,
	"sipm16": 48.3969706713796,
	"sipm17": 48.02865535963467,
	"sipm18": 36.18688122912451,
	"sipm19": 67.50717530361453,
	"sipm20": 44.36064424178507,
	"sipm21": 60.50273501044321,
	"sipm22": 65.50273501044322,
	"sipm23": 39.91492838885114,
	"sipm24": 53.92904169084858,
	"sipm25": 30.487322859870062,
	"sipm26": 59.90081508685372,
	"sipm27": 63.25223991498778,
	"sipm28": 109.14981288206154,
	"sipm29": 48.62972766543433,
	"sipm30": 51.38505370669672,
	"sipm31": 57.66120338850496,
	"sipm32": 46.360644241785046,
	"sipm33": 61.74711490151561,
	"sipm34": 56.14417277171108,
	"sipm35": 59.46370700063573,
	"sipm36": 64.688585187342,
	"sipm37": 126.70681369774107,
	"sipm38": 48.907798204209485,
	"sipm39": 52.06930562266246,
	"sipm40": 47.26354137465855,
	"sipm41": 43.752713841828665,
	"sipm42": 70.30485607440497,
	"sipm43": 46.37426098222164,
	"sipm44": 60.914928388851145,
	"sipm45": 49.06930562266245,
	"sipm46": 53.49991594216012,
	"sipm47": 43.29152731714653,
	"sipm48": 67.71523450194242,
	"sipm49": 68.66120338850496,
	"sipm50": 48.62972766543433,
	"sipm51": 64.79767589790524,
	"sipm52": 58.028655359634676,
	"sipm53": 64.65174159821152
}