{
	"sipm0": 60.39697067137959,
	"sipm1": 47.0,
	"sipm2": 67.688585187342,
	"sipm3": 69.08159581105463,
	"sipm4": 68.68790152995743,
	"sipm5": 54.38505370669672,
	"sipm6": 43.914928388851145,
	"sipm7": 58.25223991498777,
	"sipm8": 72.42323287904878,
	"sipm9": 65.36064424178505,
	"sipm10": 44.97710382687194,
	"sipm11": 65.01827066152035,
	"sipm12": 70.25223991498777,
	"sipm13": 51.2633598570541,
	"sipm14": 54.124306245489734,
	"sipm15": 40.469387862803046,
	"sipm16": 56.929041690848564,
	"sipm17": 45.25223991498777,
	"sipm18": 45.57847290862292,
	"sipm19": 52.629727665434324,
	"sipm20": 44.872925162452376,
	"sipm21": 67.48732285987006,
	"sipm22": 49.36064424178506,
	"sipm23": 70.87613691497114,
	"sipm24": 44.1868812291245,
	"sipm25": 49.14417277171107,
	"sipm26": 58.08159581105464,
	"sipm27": 74.83534138127712,
	"sipm28": 47.0,
	"sipm29": 64.75271384182865,
	"sipm30": 66.78080267546105,
	"sipm31": 52.7525974817465,
	"sipm32": 65.83534138127712,
	"sipm33": 66.02124348663907,
	"sipm34": 71.66550031619002,
	"sipm35": 58.65174159821152,
	"sipm36": 56.780802675461054,
	"sipm37": 68.60294212980455,
	"sipm38": 47.06930562266246,
	"sipm39": 55.90081508685371,
	"sipm40": 55.021243486639065,
	"sipm41": 65.80157246920263,
	"sipm42": 37.069305622662455,
	"sipm43": 29.469387862803046,
	"sipm44": 52.90081508685371,
	"sipm45": 79.2633598570541,
	"sipm46": 45.82197362906757,
	"sipm47": 66.12909550366166,
	"sipm48": 61.14275581867724,
	"sipm49": 66.83534138127712,
	"sipm50": 72.84306603031914,
	"sipm51": 58.24905883393143,
	"sipm52": 74.71523450194242,
	"sipm53": 61.62972766543433
}