{
	"sipm0": 79.49991594216011,
	"sipm1": 39.33841250537563,
	"sipm2": 66.52109269776295,
	"sipm3": 80.37426098222164,
	"sipm4": 55.50273501044322,
	"sipm5": 79.93744181361453,
	"sipm6": 53.48732285987006,
	"sipm7": 39.66610445984095,
	"sipm8": 47.869401966328326,
	"sipm9": 65.66610445984097,
	"sipm10": 44.34823881608878,
	"sipm11": 51.608822294554656,
	"sipm12": 46.749933969798704,
	"sipm13": 60.98011250448854,
	"sipm14": 62.42323287904878,
	"sipm15": 60.78080267546106,
	"sipm16": 64.84796710165514,
	"sipm17": 73.62602700095653,
	"sipm18": 60.872925162452376,
	"sipm19": 49.55918521840208,
	"sipm20": 61.74711490151561,
	"sipm21": 51.80157246920262,
	"sipm22": 67.76905794442992,
	"sipm23": 54.60882229455465,
	"sipm24": 67.26213329852914,
	"sipm25": 51.95212656200056,
	"sipm26": 47.54628452410764,
	"sipm27": 73.57847290862293,
	"sipm28": 54.06930562266245,
	"sipm29": 66.9077982042095,
	"sipm30": 66.35666665113098,
	"sipm31": 55.68790152995741,
	"sipm32": 62.847967101655136,
	"sipm33": 51.50717530361453,
	"sipm34": 66.56225043767046,
	"sipm35": 53.92904169084858,
	"sipm36": 76.62602700095653,
	"sipm37": 75.62602700095653,
	"sipm38": 67.14275581867724,
	"sipm39": 43.75201597285162,
	"sipm40": 49.48732285987007,
	"sipm41": 74.62602700095653,
	"sipm42": 76.35181138523053,
	"sipm43": 75.50081043152653,
	"sipm44": 70.18688122912451,
	"sipm45": 65.35666665113096,
	"sipm46": 47.316504582017934,
	"sipm47": 65.36508662111201,
	"sipm48": 45.25723222719313,
	"sipm49": 67.17624065020405,
	"sipm50": 39.62972766543433,
	"sipm51": 107.19584493554807,
	"sipm52": 63.25723222719313,
	"sipm53": 47.821973629067585
}