{
	"sipm0": 62.629727665434324,
	"sipm1": 36.12909550366166,
	"sipm2": 41.20757347444084,
	"sipm3": 48.78921335085956,
	"sipm4": 51.843066030319136,
	"sipm5": 42.12909550366166,
	"sipm6": 42.12909550366166,
	"sipm7": 27.821973629067585,
	"sipm8": 33.356666651130965,
	"sipm9": 61.66550031619001,
	"sipm10": 37.626027000956526,
	"sipm11": 91.1729594743205,
	"sipm12": 33.82806418408225,
	"sipm13": 43.60294212980454,
	"sipm14": 40.04922942912705,
	"sipm15": 51.95066607635174,
	"sipm16": 54.1868812291245,
	"sipm17": 34.9077982042095,
	"sipm18": 45.54628452410765,
	"sipm19": 43.84796710165512,
	"sipm20": 29.71894744142317,
	"sipm21": 46.25723222719314,
	"sipm22": 44.752597481746506,
	"sipm23": 22.152292187977707,
	"sipm24": 37.132944761331615,
	"sipm25": 37.52185898507443,
	"sipm26": 29.85014108916002,
	"sipm27": 46.98011250448853,
	"sipm28": 33.262133298529136,
	"sipm29": 44.574774669712106,
	"sipm30": 63.694155675824696,
	"sipm31": 38.94911290395589,
	"sipm32": 44.04432835779105,
	"sipm33": 40.583373979958935,
	"sipm34": 26.578472908622928,
	"sipm35": 38.29152731714653,
	"sipm36": 36.55918521840208,
	"sipm37": 43.66120338850495,
	"sipm38": 29.252239914987783,
	"sipm39": 36.12920731682574,
	"sipm40": 45.87963074411705,
	"sipm41": 23.937441813614527,
	"sipm42": 25.014460894519004,
	"sipm43": 37.43455826061992,
	"sipm44": 50.124306245489734,
	"sipm45": 44.821973629067585,
	"sipm46": 62.12909550366166,
	"sipm47": 42.356666651130965,
	"sipm48": 42.95066607635173,
	"sipm49": 58.53360371610557,
	"sipm50": 46.62972766543433,
	"sipm51": 55.9077982042095,
	"sipm52": 36.46370700063572,
	"sipm53": -1.5743753565844258
}