{
	"sipm0": 56.05055402288673,
	"sipm1": 72.66120338850496,
	"sipm2": 37.32879477041011,
	"sipm3": 59.66550031619001,
	"sipm4": 119.04933112169005,
	"sipm5": 53.87963074411705,
	"sipm6": 42.38505370669672,
	"sipm7": 45.65664266954753,
	"sipm8": 68.49991594216013,
	"sipm9": 56.542014391504075,
	"sipm10": 68.52185898507443,
	"sipm11": 50.25723222719314,
	"sipm12": 43.92904169084858,
	"sipm13": 52.365086621112006,
	"sipm14": 57.08159581105463,
	"sipm15": 60.79767589790522,
	"sipm16": 49.257232227193136,
	"sipm17": 61.02124348663908,
	"sipm18": 60.37208707080548,
	"sipm19": 85.06741322894304,
	"sipm20": 45.240274985902126,
	"sipm21": 69.87613691497114,
	"sipm22": 123.09384099708555,
	"sipm23": 114.74566453096377,
	"sipm24": 53.02865535963467,
	"sipm25": 32.50273501044322,
	"sipm26": 30.481505709931753,
	"sipm27": 69.03593596268252,
	"sipm28": 42.94911290395589,
	"sipm29": 64.54201439150407,
	"sipm30": 58.97710382687194,
	"sipm31": 52.57847290862293,
	"sipm32": 68.48732285987006,
	"sipm33": 68.75280104064453,
	"sipm34": 41.39697067137959,
	"sipm35": 68.3924601071849,
	"sipm36": 68.71894744142317,
	"sipm37": 58.50273501044322,
	"sipm38": 67.87613691497114,
	"sipm39": 46.84796710165514,
	"sipm40": 43.44630299165106,
	"sipm41": 66.44630299165107,
	"sipm42": 46.116740589887726,
	"sipm43": 39.05055402288673,
	"sipm44": 37.665500316190005,
	"sipm45": 54.29152731714654,
	"sipm46": 79.2633598570541,
	"sipm47": 36.665500316190005,
	"sipm48": 35.56225043767046,
	"sipm49": 51.83534138127713,
	"sipm50": 50.24719895935549,
	"sipm51": 38.50273501044322,
	"sipm52": 38.62972766543433,
	"sipm53": 32.18640300532003
}