{
	"sipm0": 50.90779820420949,
	"sipm1": 47.48732285987006,
	"sipm2": 56.257232227193136,
	"sipm3": 52.68790152995742,
	"sipm4": 47.9491129039559,
	"sipm5": 42.0364407208893,
	"sipm6": 49.42323287904878,
	"sipm7": 45.688585187342,
	"sipm8": 71.44140192031506,
	"sipm9": 59.03644072088931,
	"sipm10": 59.95212656200055,
	"sipm11": 31.90081508685371,
	"sipm12": 66.78211157689218,
	"sipm13": 71.50717530361453,
	"sipm14": 46.688585187342,
	"sipm15": 49.83534138127712,
	"sipm16": 53.25432914399713,
	"sipm17": 48.24905883393143,
	"sipm18": 47.83534138127712,
	"sipm19": 70.21650804128024,
	"sipm20": 54.487322859870076,
	"sipm21": 68.14209076865816,
	"sipm22": 66.95212656200056,
	"sipm23": 62.186881229124495,
	"sipm24": 46.54201439150407,
	"sipm25": 56.62972766543433,
	"sipm26": 57.3924601071849,
	"sipm27": 84.78145640027918,
	"sipm28": 61.688585187342,
	"sipm29": 54.02124348663908,
	"sipm30": 38.87292516245236,
	"sipm31": 42.65664266954752,
	"sipm32": 63.575964153390764,
	"sipm33": 52.308539201797906,
	"sipm34": 47.57596415339076,
	"sipm35": 36.021243486639065,
	"sipm36": 59.01827066152035,
	"sipm37": 39.57847290862293,
	"sipm38": 60.68790152995741,
	"sipm39": 45.90081508685371,
	"sipm40": 65.48732285987008,
	"sipm41": 66.7525974817465,
	"sipm42": 41.780802675461054,
	"sipm43": 56.12909550366167,
	"sipm44": 46.25723222719314,
	"sipm45": 72.37426098222166,
	"sipm46": 69.02865535963467,
	"sipm47": 47.372087070805485,
	"sipm48": 57.71523450194242,
	"sipm49": 49.9008150868537,
	"sipm50": 44.02865535963467,
	"sipm51": 57.83534138127713,
	"sipm52": 48.87963074411705,
	"sipm53": 31.578472908622913
}