{
	"sipm0": 72.93968226976901,
	"sipm1": 49.26844244599456,
	"sipm2": 73.75271384182867,
	"sipm3": 65.39697067137959,
	"sipm4": 55.16702841954262,
	"sipm5": 67.17206635492491,
	"sipm6": 69.25723222719313,
	"sipm7": 52.7525974817465,
	"sipm8": 66.48732285987006,
	"sipm9": 26.9176003468815,
	"sipm10": 56.26844244599455,
	"sipm11": 61.356886246604276,
	"sipm12": 102.86320232857955,
	"sipm13": 53.07595686472429,
	"sipm14": 69.14209076865816,
	"sipm15": 59.26354137465855,
	"sipm16": 65.06440455132645,
	"sipm17": 52.93578414669748,
	"sipm18": 81.91297259243291,
	"sipm19": 77.24942807266112,
	"sipm20": 62.95066607635173,
	"sipm21": 69.85014108916003,
	"sipm22": 47.113445282429566,
	"sipm23": 86.08721352563865,
	"sipm24": 50.35181138523053,
	"sipm25": 47.249058833931436,
	"sipm26": 58.835341381277125,
	"sipm27": 75.36064424178507,
	"sipm28": 55.747114901515616,
	"sipm29": 66.25223991498777,
	"sipm30": 58.79874478889449,
	"sipm31": 60.782111576892184,
	"sipm32": 54.87292516245238,
	"sipm33": 49.021243486639065,
	"sipm34": 44.46200037586758,
	"sipm35": 54.35181138523053,
	"sipm36": 68.02865535963467,
	"sipm37": 86.38416882529603,
	"sipm38": 56.30176917217753,
	"sipm39": 51.14417277171107,
	"sipm40": 42.929041690848564,
	"sipm41": 52.69415567582469,
	"sipm42": 67.24942807266112,
	"sipm43": 68.87963074411707,
	"sipm44": 62.25723222719313,
	"sipm45": 102.86320232857955,
	"sipm46": 54.95066607635174,
	"sipm47": 69.49991594216013,
	"sipm48": 67.57847290862293,
	"sipm49": 72.3859451777825,
	"sipm50": 52.11674058988772,
	"sipm51": 52.52300081331211,
	"sipm52": 75.13509923742508,
	"sipm53": 70.83441562597011
}