{
	"sipm0": 47.46370700063572,
	"sipm1": 46.42323287904878,
	"sipm2": 46.24027498590211,
	"sipm3": 60.02865535963467,
	"sipm4": 75.25223991498777,
	"sipm5": 56.575964153390764,
	"sipm6": 58.050554022886736,
	"sipm7": 39.78921335085957,
	"sipm8": 67.70866138087739,
	"sipm9": 66.76905794442992,
	"sipm10": 67.44630299165107,
	"sipm11": 61.835341381277125,
	"sipm12": 64.78921335085957,
	"sipm13": 53.356666651130965,
	"sipm14": 32.45930648516516,
	"sipm15": 34.82197362906757,
	"sipm16": 58.54201439150408,
	"sipm17": 65.05055402288673,
	"sipm18": 69.42323287904878,
	"sipm19": 58.66120338850496,
	"sipm20": 62.64655460395541,
	"sipm21": 40.688585187342,
	"sipm22": 54.90779820420949,
	"sipm23": 42.66550031619002,
	"sipm24": 51.1868812291245,
	"sipm25": 56.37426098222165,
	"sipm26": 34.57596415339077,
	"sipm27": 68.05055402288673,
	"sipm28": 56.12909550366167,
	"sipm29": 73.42323287904878,
	"sipm30": 63.50717530361453,
	"sipm31": 34.82197362906757,
	"sipm32": 64.25432914399713,
	"sipm33": 50.718947441423175,
	"sipm34": 56.50717530361453,
	"sipm35": 99.01144134396706,
	"sipm36": 68.87613691497114,
	"sipm37": 78.06930562266245,
	"sipm38": 64.0,
	"sipm39": 35.26844244599455,
	"sipm40": 65.30485607440495,
	"sipm41": 42.98011250448853,
	"sipm42": 67.9077982042095,
	"sipm43": 42.12909550366166,
	"sipm44": 58.12920731682574,
	"sipm45": 75.02124348663907,
	"sipm46": 65.60882229455464,
	"sipm47": 34.872925162452376,
	"sipm48": 39.79767589790522,
	"sipm49": 58.79874478889449,
	"sipm50": 56.17618262819691,
	"sipm51": 50.845658133637144,
	"sipm52": 43.95066607635174,
	"sipm53": 43.02865535963467
}