{
	"sipm0": 49.55918521840208,
	"sipm1": 55.06930562266246,
	"sipm2": 42.42323287904878,
	"sipm3": 58.78080267546105,
	"sipm4": 50.22272973817387,
	"sipm5": 59.75761491316466,
	"sipm6": 64.39697067137959,
	"sipm7": 48.45930648516516,
	"sipm8": 53.01827066152035,
	"sipm9": 68.03644072088932,
	"sipm10": 56.00713018464164,
	"sipm11": 51.71894744142317,
	"sipm12": 72.688585187342,
	"sipm13": 58.78199674148251,
	"sipm14": 97.95532481557088,
	"sipm15": 60.65664266954753,
	"sipm16": 59.65664266954752,
	"sipm17": 41.75259748174649,
	"sipm18": 51.372087070805485,
	"sipm19": 67.30485607440495,
	"sipm20": 55.186403005320045,
	"sipm21": 52.268442445994566,
	"sipm22": 29.694810852437683,
	"sipm23": 103.58957495673303,
	"sipm24": 54.821973629067585,
	"sipm25": 47.687901529957415,
	"sipm26": 68.71894744142317,
	"sipm27": 59.06930562266247,
	"sipm28": 74.01827066152035,
	"sipm29": 61.37426098222166,
	"sipm30": 61.50717530361453,
	"sipm31": 68.50717530361453,
	"sipm32": 41.98011250448853,
	"sipm33": 57.050554022886736,
	"sipm34": 58.56225043767045,
	"sipm35": 60.50717530361454,
	"sipm36": 66.32879477041013,
	"sipm37": 65.60294212980455,
	"sipm38": 62.797675897905236,
	"sipm39": 60.34660835064315,
	"sipm40": 70.38505370669672,
	"sipm41": 54.365086621112,
	"sipm42": 56.35181138523054,
	"sipm43": 107.74299889797251,
	"sipm44": 30.469387862803046,
	"sipm45": 55.608822294554656,
	"sipm46": 33.98011250448853,
	"sipm47": 43.801572469202625,
	"sipm48": 49.76905794442992,
	"sipm49": 47.75576530586463,
	"sipm50": 37.081595811054626,
	"sipm51": 33.688585187342,
	"sipm52": 48.02124348663907,
	"sipm53": 58.25723222719314
}