{
	"sipm0": 63.356666651130965,
	"sipm1": 66.08721352563865,
	"sipm2": 62.48732285987006,
	"sipm3": 75.79767589790524,
	"sipm4": 62.1761826281969,
	"sipm5": 59.80157246920262,
	"sipm6": 90.16093961849322,
	"sipm7": 49.17206635492491,
	"sipm8": 55.24027498590212,
	"sipm9": 64.688585187342,
	"sipm10": 56.11674058988771,
	"sipm11": 41.24027498590211,
	"sipm12": 60.4874739452576,
	"sipm13": 57.15229218797772,
	"sipm14": 57.069305622662455,
	"sipm15": 50.240274985902126,
	"sipm16": 49.04487485726072,
	"sipm17": 68.66533449091412,
	"sipm18": 66.87963074411705,
	"sipm19": 77.83534138127712,
	"sipm20": 55.00713018464164,
	"sipm21": 63.07669473971864,
	"sipm22": 54.935784146697486,
	"sipm23": 40.57596415339077,
	"sipm24": 43.36064424178505,
	"sipm25": 46.0364407208893,
	"sipm26": 53.71523450194242,
	"sipm27": 64.30975714574096,
	"sipm28": 64.14209076865815,
	"sipm29": 58.54201439150408,
	"sipm30": 60.782111576892184,
	"sipm31": 50.55918521840208,
	"sipm32": 36.665500316190005,
	"sipm33": 56.02124348663907,
	"sipm34": 49.9008150868537,
	"sipm35": 67.25223991498777,
	"sipm36": 70.46938786280305,
	"sipm37": 54.57329852039952,
	"sipm38": 51.78921335085957,
	"sipm39": 54.142755818677244,
	"sipm40": 59.44140192031506,
	"sipm41": 57.12909550366166,
	"sipm42": 53.45930648516516,
	"sipm43": 39.24905883393144,
	"sipm44": 56.00713018464164,
	"sipm45": 73.37208707080549,
	"sipm46": 65.60294212980455,
	"sipm47": 58.801572469202625,
	"sipm48": 58.78145640027918,
	"sipm49": 53.942914331339125,
	"sipm50": 50.14807319011162,
	"sipm51": 57.801572469202625,
	"sipm52": 50.24905883393143,
	"sipm53": 39.469387862803046
}