{
	"sipm0": 63.37208707080549,
	"sipm1": 58.952126562000565,
	"sipm2": 104.33145848704993,
	"sipm3": 52.95212656200055,
	"sipm4": 40.00713018464164,
	"sipm5": 90.66326487784526,
	"sipm6": 46.575964153390764,
	"sipm7": 59.91492838885114,
	"sipm8": 55.35181138523053,
	"sipm9": 57.37426098222166,
	"sipm10": 54.38505370669672,
	"sipm11": 81.26354137465854,
	"sipm12": 51.872925162452376,
	"sipm13": 54.00713018464164,
	"sipm14": 91.51695791373842,
	"sipm15": 31.459306485165158,
	"sipm16": 64.30485607440497,
	"sipm17": 58.37426098222165,
	"sipm18": 66.35181138523055,
	"sipm19": 50.99999999999999,
	"sipm20": 97.33672879711563,
	"sipm21": 34.50717530361453,
	"sipm22": 54.26354137465855,
	"sipm23": 41.30485607440496,
	"sipm24": 41.9008150868537,
	"sipm25": 66.14209076865815,
	"sipm26": 57.018270661520354,
	"sipm27": 104.58231559527862,
	"sipm28": 43.37426098222165,
	"sipm29": 40.02865535963467,
	"sipm30": 53.249058833931436,
	"sipm31": 55.78080267546106,
	"sipm32": 34.688585187342,
	"sipm33": 34.26354137465856,
	"sipm34": 62.38505370669672,
	"sipm35": 51.42323287904878,
	"sipm36": 105.08952983776014,
	"sipm37": 42.66120338850496,
	"sipm38": 44.35181138523054,
	"sipm39": 57.71523450194242,
	"sipm40": 41.372087070805485,
	"sipm41": 39.0,
	"sipm42": 32.46370700063572,
	"sipm43": 47.715234501942426,
	"sipm44": 53.752713841828665,
	"sipm45": 56.00713018464164,
	"sipm46": 58.02124348663907,
	"sipm47": 44.021243486639065,
	"sipm48": 91.34453295164764,
	"sipm49": 49.42323287904878,
	"sipm50": 28.90081508685371,
	"sipm51": 28.66120338850496,
	"sipm52": 33.144172771711055,
	"sipm53": 68.12430624548973
}