{
	"sipm0": 68.3085392017979,
	"sipm1": 64.11344528242958,
	"sipm2": 100.32267463902062,
	"sipm3": 58.66059924485401,
	"sipm4": 41.308539201797906,
	"sipm5": 96.52870264476957,
	"sipm6": 51.651741598211515,
	"sipm7": 66.3859451777825,
	"sipm8": 61.5747746697121,
	"sipm9": 60.66059924485401,
	"sipm10": 58.11344528242957,
	"sipm11": 86.38416882529603,
	"sipm12": 55.02865535963467,
	"sipm13": 52.2633598570541,
	"sipm14": 90.8323336229172,
	"sipm15": 35.14275581867723,
	"sipm16": 65.87613691497114,
	"sipm17": 60.84306603031913,
	"sipm18": 73.24942807266112,
	"sipm19": 53.70866138087739,
	"sipm20": 105.34594102777704,
	"sipm21": 37.70866138087739,
	"sipm22": 57.49783393910721,
	"sipm23": 44.00713018464164,
	"sipm24": 44.263541374658544,
	"sipm25": 70.24942807266112,
	"sipm26": 61.87963074411706,
	"sipm27": 86.9858039201865,
	"sipm28": 47.076694739718626,
	"sipm29": 41.54201439150407,
	"sipm30": 54.91297259243291,
	"sipm31": 57.626027000956526,
	"sipm32": 35.48732285987006,
	"sipm33": 34.78211157689218,
	"sipm34": 62.87613691497115,
	"sipm35": 58.35574317044907,
	"sipm36": 117.92241421940165,
	"sipm37": 45.3924601071849,
	"sipm38": 47.75271384182865,
	"sipm39": 63.37426098222165,
	"sipm40": 44.12430624548973,
	"sipm41": 38.021243486639065,
	"sipm42": 41.067413228943025,
	"sipm43": 53.124306245489734,
	"sipm44": 54.752597481746506,
	"sipm45": 56.651741598211515,
	"sipm46": 64.06741322894304,
	"sipm47": 47.044328357791045,
	"sipm48": 97.54170613828366,
	"sipm49": 49.78080267546105,
	"sipm50": 31.65174159821153,
	"sipm51": 29.752713841828665,
	"sipm52": 40.70866138087739,
	"sipm53": 69.52185898507443
}