{
	"sipm0": 63.87613691497114,
	"sipm1": 78.62602700095653,
	"sipm2": 44.84306603031912,
	"sipm3": 77.42323287904878,
	"sipm4": 50.4978339391072,
	"sipm5": 72.60294212980455,
	"sipm6": 71.60294212980455,
	"sipm7": 53.37426098222165,
	"sipm8": 61.66059924485401,
	"sipm9": 58.66120338850496,
	"sipm10": 81.44140192031506,
	"sipm11": 44.87963074411705,
	"sipm12": 73.37208707080549,
	"sipm13": 47.93744181361453,
	"sipm14": 43.52185898507444,
	"sipm15": 71.66120338850496,
	"sipm16": 42.02865535963467,
	"sipm17": 46.66120338850495,
	"sipm18": 74.87963074411705,
	"sipm19": 75.38505370669672,
	"sipm20": 56.44396737558547,
	"sipm21": 73.84306603031912,
	"sipm22": 57.11344528242958,
	"sipm23": 57.18640300532003,
	"sipm24": 59.35688624660429,
	"sipm25": 58.66059924485401,
	"sipm26": 67.24905883393143,
	"sipm27": 56.69612301900915,
	"sipm28": 69.93744181361453,
	"sipm29": 47.372087070805485,
	"sipm30": 45.688585187342,
	"sipm31": 66.21650804128024,
	"sipm32": 55.38505370669672,
	"sipm33": 41.392460107184895,
	"sipm34": 40.24027498590212,
	"sipm35": 42.78080267546105,
	"sipm36": 61.780802675461054,
	"sipm37": 84.83441562597011,
	"sipm38": 52.78080267546106,
	"sipm39": 69.62602700095653,
	"sipm40": 42.879630744117065,
	"sipm41": 71.95212656200056,
	"sipm42": 64.60882229455466,
	"sipm43": 52.249428072661125,
	"sipm44": 61.5027350104432,
	"sipm45": 83.93744181361453,
	"sipm46": 59.392460107184895,
	"sipm47": 69.14209076865816,
	"sipm48": 66.1761826281969,
	"sipm49": 57.83534138127713,
	"sipm50": 55.24027498590212,
	"sipm51": 53.02124348663907,
	"sipm52": 64.8219736290676,
	"sipm53": 71.2633598570541
}