{
	"sipm0": 66.39246010718489,
	"sipm1": 55.07669473971862,
	"sipm2": 59.798744788894496,
	"sipm3": 44.499915942160115,
	"sipm4": 58.62602700095652,
	"sipm5": 39.91297259243291,
	"sipm6": 46.78080267546105,
	"sipm7": 38.626027000956526,
	"sipm8": 43.87613691497114,
	"sipm9": 66.24942807266112,
	"sipm10": 56.542014391504075,
	"sipm11": 57.49991594216013,
	"sipm12": 52.3859451777825,
	"sipm13": 52.87613691497115,
	"sipm14": 48.469387862803046,
	"sipm15": 30.124306245489734,
	"sipm16": 32.044328357791045,
	"sipm17": 41.263359857054105,
	"sipm18": 61.11344528242957,
	"sipm19": 57.91297259243291,
	"sipm20": 65.02124348663907,
	"sipm21": 49.02865535963466,
	"sipm22": 48.62602700095652,
	"sipm23": 52.38505370669672,
	"sipm24": 43.687901529957415,
	"sipm25": 46.12909550366167,
	"sipm26": 43.24905883393143,
	"sipm27": 48.2633598570541,
	"sipm28": 60.87963074411705,
	"sipm29": 38.876136914971156,
	"sipm30": 58.14209076865816,
	"sipm31": 51.62972766543432,
	"sipm32": 35.37208707080548,
	"sipm33": 47.3085392017979,
	"sipm34": 47.02865535963467,
	"sipm35": 43.50717530361453,
	"sipm36": 58.48732285987007,
	"sipm37": 59.629727665434324,
	"sipm38": 52.372087070805485,
	"sipm39": 59.52185898507443,
	"sipm40": 42.90081508685371,
	"sipm41": 52.62602700095651,
	"sipm42": 29.639355758214947,
	"sipm43": 39.50717530361453,
	"sipm44": 51.392460107184895,
	"sipm45": 46.3085392017979,
	"sipm46": 51.71894744142317,
	"sipm47": 47.142755818677244,
	"sipm48": 60.78080267546106,
	"sipm49": 59.48732285987007,
	"sipm50": 41.95212656200056,
	"sipm51": 55.99999999999999,
	"sipm52": 42.50717530361453,
	"sipm53": 46.63935575821495
}