{
	"sipm0": 52.83534138127712,
	"sipm1": 48.90081508685371,
	"sipm2": 61.308539201797906,
	"sipm3": 56.2633598570541,
	"sipm4": 55.0,
	"sipm5": 45.78080267546105,
	"sipm6": 52.26354137465855,
	"sipm7": 50.13509923742508,
	"sipm8": 72.24942807266112,
	"sipm9": 66.7086613808774,
	"sipm10": 62.62602700095653,
	"sipm11": 36.52300081331211,
	"sipm12": 67.97799264087396,
	"sipm13": 73.26354137465856,
	"sipm14": 52.044328357791045,
	"sipm15": 53.52185898507443,
	"sipm16": 59.75271384182866,
	"sipm17": 48.87963074411705,
	"sipm18": 50.626027000956526,
	"sipm19": 68.04432835779104,
	"sipm20": 59.44140192031506,
	"sipm21": 73.07669473971863,
	"sipm22": 71.84306603031912,
	"sipm23": 64.87963074411705,
	"sipm24": 46.06930562266245,
	"sipm25": 59.70866138087739,
	"sipm26": 57.3924601071849,
	"sipm27": 83.93744181361453,
	"sipm28": 69.07669473971862,
	"sipm29": 55.12430624548972,
	"sipm30": 43.069305622662455,
	"sipm31": 49.78080267546105,
	"sipm32": 66.62972766543433,
	"sipm33": 52.44140192031506,
	"sipm34": 54.24942807266112,
	"sipm35": 39.44140192031506,
	"sipm36": 58.687901529957415,
	"sipm37": 46.176182628196905,
	"sipm38": 68.66059924485401,
	"sipm39": 49.97799264087398,
	"sipm40": 70.7086613808774,
	"sipm41": 70.49783393910721,
	"sipm42": 44.00713018464164,
	"sipm43": 58.78080267546105,
	"sipm44": 51.44140192031507,
	"sipm45": 76.35688624660429,
	"sipm46": 74.5747746697121,
	"sipm47": 48.30485607440495,
	"sipm48": 62.629727665434324,
	"sipm49": 51.62602700095652,
	"sipm50": 45.90081508685371,
	"sipm51": 63.93744181361453,
	"sipm52": 47.021243486639065,
	"sipm53": 38.5747746697121
}