{
	"sipm0": 59.91492838885114,
	"sipm1": 32.34660835064315,
	"sipm2": 41.20757347444084,
	"sipm3": 61.11344528242957,
	"sipm4": 44.14417277171107,
	"sipm5": 44.542014391504075,
	"sipm6": 47.52185898507443,
	"sipm7": 38.50081043152652,
	"sipm8": 38.54201439150407,
	"sipm9": 72.35688624660429,
	"sipm10": 42.35574317044906,
	"sipm11": 92.39215679885945,
	"sipm12": 40.41987457916002,
	"sipm13": 38.446302991651066,
	"sipm14": 47.99999999999999,
	"sipm15": 50.78921335085956,
	"sipm16": 44.93578414669747,
	"sipm17": 46.443967375585466,
	"sipm18": 50.95212656200056,
	"sipm19": 50.752713841828644,
	"sipm20": 38.53360371610556,
	"sipm21": 51.04432835779105,
	"sipm22": 48.49783393910721,
	"sipm23": 27.90081508685371,
	"sipm24": 43.92904169084858,
	"sipm25": 33.142755818677244,
	"sipm26": 30.69415567582469,
	"sipm27": 51.46938786280304,
	"sipm28": 42.688585187342,
	"sipm29": 41.14209076865815,
	"sipm30": 76.3859451777825,
	"sipm31": 44.06930562266245,
	"sipm32": 52.8323336229172,
	"sipm33": 39.37548088800783,
	"sipm34": 35.78145640027918,
	"sipm35": 50.53360371610557,
	"sipm36": 35.59935736721039,
	"sipm37": 44.75271384182865,
	"sipm38": 36.57477466971211,
	"sipm39": 43.02865535963467,
	"sipm40": 37.546284524107634,
	"sipm41": 27.752801040644513,
	"sipm42": 36.24027498590212,
	"sipm43": 45.14417277171107,
	"sipm44": 54.076694739718626,
	"sipm45": 56.23537391456611,
	"sipm46": 69.66059924485401,
	"sipm47": 50.65174159821152,
	"sipm48": 44.45930648516516,
	"sipm49": 50.90081508685371,
	"sipm50": 46.50717530361453,
	"sipm51": 49.48150570993175,
	"sipm52": 32.7471149015156,
	"sipm53": 14.396970671379592
}