{
	"sipm0": 52.50717530361453,
	"sipm1": 56.13509923742508,
	"sipm2": 57.26335985705409,
	"sipm3": 54.44140192031506,
	"sipm4": 71.62602700095653,
	"sipm5": 51.021243486639065,
	"sipm6": 59.626027000956526,
	"sipm7": 52.06930562266246,
	"sipm8": 55.249058833931436,
	"sipm9": 68.65174159821152,
	"sipm10": 47.142755818677244,
	"sipm11": 55.7525974817465,
	"sipm12": 42.124306245489734,
	"sipm13": 98.37392697026503,
	"sipm14": 73.66120338850496,
	"sipm15": 57.52185898507443,
	"sipm16": 59.372087070805485,
	"sipm17": 57.93744181361453,
	"sipm18": 48.14275581867723,
	"sipm19": 50.49991594216012,
	"sipm20": 55.14209076865815,
	"sipm21": 42.4978339391072,
	"sipm22": 67.91297259243291,
	"sipm23": 58.01827066152035,
	"sipm24": 68.04432835779104,
	"sipm25": 44.26335985705409,
	"sipm26": 44.752597481746506,
	"sipm27": 83.35574317044906,
	"sipm28": 47.91492838885113,
	"sipm29": 52.78080267546106,
	"sipm30": 59.50717530361453,
	"sipm31": 59.78211157689218,
	"sipm32": 92.03942728645505,
	"sipm33": 64.14209076865815,
	"sipm34": 39.25723222719314,
	"sipm35": 56.87963074411705,
	"sipm36": 69.24905883393143,
	"sipm37": 116.83090376607795,
	"sipm38": 51.2633598570541,
	"sipm39": 57.17618262819691,
	"sipm40": 63.54201439150407,
	"sipm41": 41.35181138523053,
	"sipm42": 51.35181138523053,
	"sipm43": 58.0,
	"sipm44": 59.78080267546106,
	"sipm45": 75.18688122912451,
	"sipm46": 59.385945177782496,
	"sipm47": 55.79874478889448,
	"sipm48": 41.26354137465855,
	"sipm49": 46.24942807266112,
	"sipm50": 55.113445282429566,
	"sipm51": 64.00713018464164,
	"sipm52": 39.87963074411705,
	"sipm53": 98.16399546417313
}