{
	"sipm0": 44.752597481746506,
	"sipm1": 80.93744181361453,
	"sipm2": 66.06930562266245,
	"sipm3": 52.62602700095651,
	"sipm4": 61.30485607440496,
	"sipm5": 77.9008150868537,
	"sipm6": 69.52300081331211,
	"sipm7": 63.79874478889449,
	"sipm8": 45.87963074411705,
	"sipm9": 75.5747746697121,
	"sipm10": 71.38505370669674,
	"sipm11": 76.35688624660429,
	"sipm12": 54.52185898507443,
	"sipm13": 56.660599244854005,
	"sipm14": 42.49991594216013,
	"sipm15": 46.95212656200056,
	"sipm16": 56.79874478889448,
	"sipm17": 61.752597481746506,
	"sipm18": 55.356886246604276,
	"sipm19": 72.30853920179791,
	"sipm20": 76.97799264087398,
	"sipm21": 53.37208707080549,
	"sipm22": 58.87963074411706,
	"sipm23": 64.65174159821152,
	"sipm24": 48.13509923742508,
	"sipm25": 34.25723222719314,
	"sipm26": 42.626027000956526,
	"sipm27": 92.92805778675563,
	"sipm28": 57.626027000956526,
	"sipm29": 42.0,
	"sipm30": 57.249428072661125,
	"sipm31": 64.7987447888945,
	"sipm32": 53.13509923742508,
	"sipm33": 48.50717530361453,
	"sipm34": 106.3909388549164,
	"sipm35": 56.50717530361453,
	"sipm36": 85.93968226976901,
	"sipm37": 56.04432835779105,
	"sipm38": 77.21127910138807,
	"sipm39": 71.26354137465856,
	"sipm40": 36.13509923742508,
	"sipm41": 37.00713018464164,
	"sipm42": 62.1761826281969,
	"sipm43": 32.87613691497114,
	"sipm44": 44.78211157689218,
	"sipm45": 82.97799264087398,
	"sipm46": 74.24905883393144,
	"sipm47": 85.93968226976901,
	"sipm48": 75.37426098222164,
	"sipm49": 53.124306245489734,
	"sipm50": 61.75271384182866,
	"sipm51": 60.249058833931436,
	"sipm52": 52.63935575821494,
	"sipm53": 45.801572469202625
}