{
	"sipm0": 81.5747746697121,
	"sipm1": 56.843066030319136,
	"sipm2": 77.9008150868537,
	"sipm3": 83.24942807266112,
	"sipm4": 63.17618262819691,
	"sipm5": 75.62972766543433,
	"sipm6": 55.87613691497114,
	"sipm7": 52.00713018464164,
	"sipm8": 60.626027000956526,
	"sipm9": 74.71894744142318,
	"sipm10": 55.30485607440497,
	"sipm11": 56.02124348663907,
	"sipm12": 64.92414061951257,
	"sipm13": 71.3924601071849,
	"sipm14": 64.24905883393143,
	"sipm15": 61.263359857054105,
	"sipm16": 78.38416882529602,
	"sipm17": 74.3924601071849,
	"sipm18": 69.84306603031912,
	"sipm19": 58.124306245489734,
	"sipm20": 68.38505370669674,
	"sipm21": 54.14209076865815,
	"sipm22": 76.97799264087398,
	"sipm23": 59.14209076865815,
	"sipm24": 78.42323287904878,
	"sipm25": 55.782111576892184,
	"sipm26": 55.249058833931436,
	"sipm27": 76.78080267546105,
	"sipm28": 60.924140619512556,
	"sipm29": 67.688585187342,
	"sipm30": 70.60294212980455,
	"sipm31": 58.30485607440495,
	"sipm32": 65.57847290862293,
	"sipm33": 51.38505370669672,
	"sipm34": 74.78211157689218,
	"sipm35": 54.68790152995742,
	"sipm36": 80.63935575821495,
	"sipm37": 71.46370700063574,
	"sipm38": 71.78211157689218,
	"sipm39": 61.37426098222166,
	"sipm40": 54.5747746697121,
	"sipm41": 75.13509923742508,
	"sipm42": 79.75271384182867,
	"sipm43": 72.04432835779104,
	"sipm44": 74.30853920179791,
	"sipm45": 75.93744181361453,
	"sipm46": 56.14209076865815,
	"sipm47": 76.04432835779104,
	"sipm48": 50.1761826281969,
	"sipm49": 79.2633598570541,
	"sipm50": 40.626027000956526,
	"sipm51": 123.96247520414222,
	"sipm52": 68.97799264087396,
	"sipm53": 55.5747746697121
}