{
	"sipm0": 63.050554022886736,
	"sipm1": 62.044328357791045,
	"sipm2": 56.26844244599455,
	"sipm3": 78.06930562266245,
	"sipm4": 62.84306603031912,
	"sipm5": 62.99999999999999,
	"sipm6": 77.37208707080549,
	"sipm7": 52.50273501044321,
	"sipm8": 55.914928388851145,
	"sipm9": 63.46938786280305,
	"sipm10": 63.91492838885114,
	"sipm11": 46.521858985074424,
	"sipm12": 62.41053321465271,
	"sipm13": 59.14417277171107,
	"sipm14": 59.37426098222166,
	"sipm15": 51.372087070805485,
	"sipm16": 51.884531815453066,
	"sipm17": 68.66533449091412,
	"sipm18": 54.221238477343405,
	"sipm19": 70.78921335085957,
	"sipm20": 60.683684116006,
	"sipm21": 53.291527317146546,
	"sipm22": 58.346608350643145,
	"sipm23": 41.95212656200056,
	"sipm24": 46.30485607440496,
	"sipm25": 43.7471149015156,
	"sipm26": 53.50273501044322,
	"sipm27": 73.37208707080549,
	"sipm28": 67.97799264087396,
	"sipm29": 56.575964153390764,
	"sipm30": 57.78080267546105,
	"sipm31": 57.54201439150408,
	"sipm32": 39.91492838885114,
	"sipm33": 47.88453181545306,
	"sipm34": 50.38505370669672,
	"sipm35": 64.2471989593555,
	"sipm36": 63.576674401320915,
	"sipm37": 49.69350195100655,
	"sipm38": 64.93744181361453,
	"sipm39": 50.356666651130965,
	"sipm40": 59.04432835779106,
	"sipm41": 62.007130184641646,
	"sipm42": 54.18640300532003,
	"sipm43": 36.142755818677244,
	"sipm44": 48.45930648516516,
	"sipm45": 68.2471989593555,
	"sipm46": 61.05055402288674,
	"sipm47": 61.50717530361453,
	"sipm48": 58.49783393910722,
	"sipm49": 57.665500316190005,
	"sipm50": 52.39697067137959,
	"sipm51": 53.84796710165513,
	"sipm52": 51.651741598211515,
	"sipm53": 41.835341381277125
}