{
	"sipm0": 80.12430624548972,
	"sipm1": 59.14209076865815,
	"sipm2": 60.62972766543433,
	"sipm3": 61.843066030319136,
	"sipm4": 80.66059924485401,
	"sipm5": 75.90081508685371,
	"sipm6": 47.5747746697121,
	"sipm7": 69.50717530361453,
	"sipm8": 50.356886246604276,
	"sipm9": 59.24905883393144,
	"sipm10": 60.02124348663908,
	"sipm11": 70.62602700095653,
	"sipm12": 75.0,
	"sipm13": 72.44140192031506,
	"sipm14": 70.65174159821152,
	"sipm15": 72.91297259243291,
	"sipm16": 49.53360371610556,
	"sipm17": 49.939682269769015,
	"sipm18": 100.32267463902062,
	"sipm19": 67.79277482656923,
	"sipm20": 57.78145640027918,
	"sipm21": 55.26354137465856,
	"sipm22": 43.84306603031912,
	"sipm23": 64.24942807266113,
	"sipm24": 68.02865535963467,
	"sipm25": 61.66120338850495,
	"sipm26": 60.52300081331211,
	"sipm27": 66.12909550366166,
	"sipm28": 65.06930562266245,
	"sipm29": 62.14209076865815,
	"sipm30": 59.626027000956526,
	"sipm31": 76.84306603031914,
	"sipm32": 62.977992640873964,
	"sipm33": 40.124306245489734,
	"sipm34": 60.3924601071849,
	"sipm35": 70.26354137465854,
	"sipm36": 63.91297259243291,
	"sipm37": 66.54201439150407,
	"sipm38": 72.17618262819691,
	"sipm39": 81.44140192031506,
	"sipm40": 72.13509923742507,
	"sipm41": 67.37208707080549,
	"sipm42": 68.37426098222166,
	"sipm43": 66.95212656200056,
	"sipm44": 31.499915942160115,
	"sipm45": 65.62602700095653,
	"sipm46": 62.66120338850496,
	"sipm47": 44.66120338850495,
	"sipm48": 62.629727665434324,
	"sipm49": 64.62602700095653,
	"sipm50": 67.3085392017979,
	"sipm51": 49.308539201797906,
	"sipm52": 51.48732285987007,
	"sipm53": 104.58231559527862
}