{
	"sipm0": 82.37882804160104,
	"sipm1": 71.25723222719314,
	"sipm2": 66.35688624660429,
	"sipm3": 51.66120338850495,
	"sipm4": 51.602942129804546,
	"sipm5": 55.90081508685371,
	"sipm6": 36.2633598570541,
	"sipm7": 40.0,
	"sipm8": 50.98580392018649,
	"sipm9": 73.16093961849322,
	"sipm10": 62.50717530361453,
	"sipm11": 70.63935575821495,
	"sipm12": 64.44140192031506,
	"sipm13": 59.23537391456611,
	"sipm14": 55.13509923742508,
	"sipm15": 50.37208707080549,
	"sipm16": 34.0,
	"sipm17": 46.660599244854005,
	"sipm18": 61.54201439150407,
	"sipm19": 73.02124348663907,
	"sipm20": 39.84306603031912,
	"sipm21": 63.30853920179791,
	"sipm22": 41.66120338850495,
	"sipm23": 48.124306245489734,
	"sipm24": 56.660599244854005,
	"sipm25": 28.49991594216013,
	"sipm26": 48.499915942160115,
	"sipm27": 79.49991594216011,
	"sipm28": 76.00713018464164,
	"sipm29": 55.99999999999999,
	"sipm30": 49.499915942160115,
	"sipm31": 37.00713018464164,
	"sipm32": 58.124306245489734,
	"sipm33": 33.752713841828665,
	"sipm34": 27.797675897905236,
	"sipm35": 46.75271384182866,
	"sipm36": 64.12430624548973,
	"sipm37": 75.87963074411705,
	"sipm38": 69.3924601071849,
	"sipm39": 67.0,
	"sipm40": 70.7086613808774,
	"sipm41": 42.37426098222166,
	"sipm42": 35.752597481746506,
	"sipm43": 39.87963074411705,
	"sipm44": 48.65174159821152,
	"sipm45": 58.91297259243291,
	"sipm46": 60.0,
	"sipm47": 61.5747746697121,
	"sipm48": 51.9129725924329,
	"sipm49": 44.263541374658544,
	"sipm50": 63.02124348663907,
	"sipm51": 40.42323287904879,
	"sipm52": 42.87613691497114,
	"sipm53": 45.24905883393143
}