{
	"sipm0": 64.50717530361453,
	"sipm1": 54.124306245489734,
	"sipm2": 56.542014391504075,
	"sipm3": 59.70866138087739,
	"sipm4": 59.50717530361453,
	"sipm5": 77.65174159821152,
	"sipm6": 69.3924601071849,
	"sipm7": 67.06930562266245,
	"sipm8": 42.781456400279176,
	"sipm9": 57.26354137465855,
	"sipm10": 68.95212656200056,
	"sipm11": 53.62602700095652,
	"sipm12": 70.02865535963468,
	"sipm13": 48.65174159821152,
	"sipm14": 62.80157246920262,
	"sipm15": 56.62602700095652,
	"sipm16": 50.914928388851145,
	"sipm17": 56.35574317044906,
	"sipm18": 40.044328357791045,
	"sipm19": 70.84306603031914,
	"sipm20": 50.912972592432915,
	"sipm21": 66.7525974817465,
	"sipm22": 69.54201439150407,
	"sipm23": 41.780802675461054,
	"sipm24": 56.95212656200056,
	"sipm25": 31.66120338850496,
	"sipm26": 65.21650804128024,
	"sipm27": 68.87963074411707,
	"sipm28": 115.42693260476614,
	"sipm29": 51.04432835779105,
	"sipm30": 49.48732285987007,
	"sipm31": 61.44140192031507,
	"sipm32": 52.00713018464164,
	"sipm33": 64.14417277171106,
	"sipm34": 60.876136914971156,
	"sipm35": 62.99999999999999,
	"sipm36": 71.52300081331211,
	"sipm37": 118.29400662306273,
	"sipm38": 51.90081508685371,
	"sipm39": 53.02124348663907,
	"sipm40": 48.97799264087397,
	"sipm41": 44.626027000956526,
	"sipm42": 72.49991594216013,
	"sipm43": 45.021243486639065,
	"sipm44": 65.13509923742507,
	"sipm45": 50.26335985705409,
	"sipm46": 56.24942807266112,
	"sipm47": 49.87963074411705,
	"sipm48": 70.71894744142318,
	"sipm49": 70.37426098222164,
	"sipm50": 54.06741322894304,
	"sipm51": 68.87613691497114,
	"sipm52": 60.14209076865816,
	"sipm53": 64.78211157689218
}