{
	"sipm0": 74.3924601071849,
	"sipm1": 69.50717530361453,
	"sipm2": 76.18688122912451,
	"sipm3": 77.78211157689218,
	"sipm4": 76.37208707080549,
	"sipm5": 62.3924601071849,
	"sipm6": 64.7987447888945,
	"sipm7": 63.60294212980454,
	"sipm8": 61.52185898507443,
	"sipm9": 65.3085392017979,
	"sipm10": 78.49783393910721,
	"sipm11": 69.66059924485401,
	"sipm12": 69.688585187342,
	"sipm13": 74.42323287904878,
	"sipm14": 66.06930562266245,
	"sipm15": 81.52185898507443,
	"sipm16": 89.01634241530307,
	"sipm17": 61.069305622662455,
	"sipm18": 78.54201439150408,
	"sipm19": 56.257232227193136,
	"sipm20": 48.14209076865816,
	"sipm21": 57.83534138127713,
	"sipm22": 52.499915942160115,
	"sipm23": 76.49783393910721,
	"sipm24": 65.3924601071849,
	"sipm25": 78.02124348663907,
	"sipm26": 49.257232227193136,
	"sipm27": 76.91297259243291,
	"sipm28": 82.1761826281969,
	"sipm29": 63.49991594216012,
	"sipm30": 64.02124348663907,
	"sipm31": 44.04432835779105,
	"sipm32": 40.54201439150408,
	"sipm33": 62.499915942160115,
	"sipm34": 48.92904169084858,
	"sipm35": 74.97799264087398,
	"sipm36": 64.54201439150407,
	"sipm37": 79.87613691497114,
	"sipm38": 56.263541374658544,
	"sipm39": 62.249058833931436,
	"sipm40": 55.57596415339077,
	"sipm41": 65.66059924485401,
	"sipm42": 49.186881229124495,
	"sipm43": 105.08952983776014,
	"sipm44": 55.0,
	"sipm45": 76.18688122912451,
	"sipm46": 40.263541374658544,
	"sipm47": 82.84306603031914,
	"sipm48": 61.17618262819691,
	"sipm49": 66.1761826281969,
	"sipm50": 54.14209076865815,
	"sipm51": 58.3924601071849,
	"sipm52": 52.7525974817465,
	"sipm53": 61.62602700095654
}