{
	"sipm0": 57.021243486639065,
	"sipm1": 57.37426098222166,
	"sipm2": 52.06440455132645,
	"sipm3": 59.14209076865815,
	"sipm4": 60.626027000956526,
	"sipm5": 65.79767589790524,
	"sipm6": 70.7525974817465,
	"sipm7": 48.66550031619001,
	"sipm8": 57.626027000956526,
	"sipm9": 74.52185898507443,
	"sipm10": 58.38594517778249,
	"sipm11": 54.62602700095653,
	"sipm12": 82.83441562597011,
	"sipm13": 67.46370700063572,
	"sipm14": 103.83511349494715,
	"sipm15": 67.78080267546105,
	"sipm16": 65.25723222719314,
	"sipm17": 40.87613691497114,
	"sipm18": 56.308539201797906,
	"sipm19": 68.87613691497114,
	"sipm20": 61.62602700095654,
	"sipm21": 58.602942129804546,
	"sipm22": 38.801572469202625,
	"sipm23": 102.15170527578096,
	"sipm24": 61.263541374658544,
	"sipm25": 53.13509923742508,
	"sipm26": 72.13509923742507,
	"sipm27": 64.24942807266113,
	"sipm28": 72.92904169084858,
	"sipm29": 65.92414061951257,
	"sipm30": 68.83441562597011,
	"sipm31": 70.00713018464164,
	"sipm32": 56.50081043152652,
	"sipm33": 62.54201439150408,
	"sipm34": 62.602942129804546,
	"sipm35": 64.3859451777825,
	"sipm36": 78.06930562266245,
	"sipm37": 72.21650804128024,
	"sipm38": 65.42323287904878,
	"sipm39": 67.62972766543433,
	"sipm40": 75.21650804128024,
	"sipm41": 63.62602700095652,
	"sipm42": 61.78211157689218,
	"sipm43": 112.46122769471953,
	"sipm44": 36.26354137465856,
	"sipm45": 63.97799264087398,
	"sipm46": 44.392460107184895,
	"sipm47": 49.5747746697121,
	"sipm48": 58.44140192031506,
	"sipm49": 60.13509923742507,
	"sipm50": 39.46370700063572,
	"sipm51": 38.26354137465856,
	"sipm52": 49.0,
	"sipm53": 59.06930562266247
}