{
	"sipm0": 54.044328357791045,
	"sipm1": 61.44140192031507,
	"sipm2": 60.835341381277125,
	"sipm3": 67.14209076865816,
	"sipm4": 67.98011250448855,
	"sipm5": 70.10854421109357,
	"sipm6": 76.38505370669674,
	"sipm7": 60.26354137465856,
	"sipm8": 111.22025440045972,
	"sipm9": 64.13509923742507,
	"sipm10": 69.62972766543433,
	"sipm11": 73.3859451777825,
	"sipm12": 63.91297259243291,
	"sipm13": 59.87963074411705,
	"sipm14": 65.07669473971863,
	"sipm15": 67.9077982042095,
	"sipm16": 60.3924601071849,
	"sipm17": 68.02865535963467,
	"sipm18": 84.07669473971863,
	"sipm19": 71.95212656200056,
	"sipm20": 81.44140192031506,
	"sipm21": 68.54201439150408,
	"sipm22": 58.90081508685371,
	"sipm23": 68.60294212980455,
	"sipm24": 67.87613691497114,
	"sipm25": 60.02124348663908,
	"sipm26": 60.97799264087397,
	"sipm27": 70.50717530361453,
	"sipm28": 63.37426098222165,
	"sipm29": 63.66120338850495,
	"sipm30": 87.29057393192772,
	"sipm31": 46.5747746697121,
	"sipm32": 78.21650804128024,
	"sipm33": 64.91492838885114,
	"sipm34": 46.75271384182866,
	"sipm35": 67.78080267546105,
	"sipm36": 74.87963074411705,
	"sipm37": 73.91297259243291,
	"sipm38": 74.54201439150407,
	"sipm39": 63.50717530361453,
	"sipm40": 66.49991594216013,
	"sipm41": 64.14209076865815,
	"sipm42": 70.78145640027918,
	"sipm43": 59.80157246920262,
	"sipm44": 68.21650804128024,
	"sipm45": 95.15835651784278,
	"sipm46": 79.5747746697121,
	"sipm47": 66.14209076865815,
	"sipm48": 64.14209076865815,
	"sipm49": 74.00713018464164,
	"sipm50": 75.87613691497114,
	"sipm51": 53.30485607440496,
	"sipm52": 46.87963074411705,
	"sipm53": 70.91297259243291
}