{
	"sipm0": 58.469387862803046,
	"sipm1": 72.26354137465856,
	"sipm2": 58.5747746697121,
	"sipm3": 64.37208707080549,
	"sipm4": 63.30485607440495,
	"sipm5": 61.135099237425074,
	"sipm6": 63.7525974817465,
	"sipm7": 45.1761826281969,
	"sipm8": 63.60294212980454,
	"sipm9": 85.35574317044906,
	"sipm10": 64.63935575821495,
	"sipm11": 58.463707000635736,
	"sipm12": 64.66120338850496,
	"sipm13": 85.06741322894304,
	"sipm14": 76.44140192031507,
	"sipm15": 70.5747746697121,
	"sipm16": 66.95212656200056,
	"sipm17": 48.02124348663907,
	"sipm18": 66.84306603031912,
	"sipm19": 57.93744181361453,
	"sipm20": 57.021243486639065,
	"sipm21": 68.37426098222166,
	"sipm22": 63.186881229124495,
	"sipm23": 56.780802675461054,
	"sipm24": 112.14680420444495,
	"sipm25": 71.07669473971863,
	"sipm26": 65.52185898507443,
	"sipm27": 74.91297259243291,
	"sipm28": 84.35688624660429,
	"sipm29": 68.3085392017979,
	"sipm30": 55.87963074411705,
	"sipm31": 106.6571743228306,
	"sipm32": 53.02865535963467,
	"sipm33": 51.542014391504075,
	"sipm34": 57.37426098222166,
	"sipm35": 44.42323287904878,
	"sipm36": 72.3859451777825,
	"sipm37": 67.39246010718489,
	"sipm38": 84.78145640027918,
	"sipm39": 65.87613691497114,
	"sipm40": 52.0,
	"sipm41": 55.626027000956526,
	"sipm42": 51.80157246920262,
	"sipm43": 61.24905883393144,
	"sipm44": 60.37426098222165,
	"sipm45": 70.06741322894302,
	"sipm46": 80.62602700095653,
	"sipm47": 61.49991594216013,
	"sipm48": 65.95212656200056,
	"sipm49": 61.5747746697121,
	"sipm50": 64.06741322894304,
	"sipm51": 48.124306245489734,
	"sipm52": 57.7525974817465,
	"sipm53": 53.44140192031505
}