{
	"sipm0": 56.499915942160115,
	"sipm1": 120.21402873536405,
	"sipm2": -27.538772305280474,
	"sipm3": 82.7086613808774,
	"sipm4": 62.42323287904878,
	"sipm5": 70.7525974817465,
	"sipm6": 74.50081043152653,
	"sipm7": 61.308539201797906,
	"sipm8": 71.62972766543433,
	"sipm9": 69.37426098222164,
	"sipm10": 70.66120338850496,
	"sipm11": 46.602942129804546,
	"sipm12": 54.14209076865815,
	"sipm13": 73.1761826281969,
	"sipm14": 54.629727665434324,
	"sipm15": 53.01827066152035,
	"sipm16": 66.04432835779104,
	"sipm17": 69.26354137465856,
	"sipm18": 69.13509923742508,
	"sipm19": 52.135099237425074,
	"sipm20": 59.83534138127712,
	"sipm21": 70.48732285987008,
	"sipm22": 66.54201439150407,
	"sipm23": 61.38505370669672,
	"sipm24": 46.66120338850495,
	"sipm25": 64.26354137465854,
	"sipm26": 52.24905883393143,
	"sipm27": 53.87963074411705,
	"sipm28": 58.00713018464164,
	"sipm29": 103.34575951017258,
	"sipm30": 109.14981288206154,
	"sipm31": 62.602942129804546,
	"sipm32": 56.62602700095652,
	"sipm33": 43.124306245489734,
	"sipm34": 60.3859451777825,
	"sipm35": 53.62602700095652,
	"sipm36": 54.80157246920262,
	"sipm37": 40.14275581867723,
	"sipm38": 59.63935575821495,
	"sipm39": 50.26335985705409,
	"sipm40": 67.78211157689218,
	"sipm41": 60.3859451777825,
	"sipm42": 43.14209076865816,
	"sipm43": 46.38594517778249,
	"sipm44": 53.3924601071849,
	"sipm45": 65.04432835779106,
	"sipm46": 108.58023359222571,
	"sipm47": 70.30853920179791,
	"sipm48": 52.602942129804546,
	"sipm49": 59.78211157689218,
	"sipm50": 53.78211157689217,
	"sipm51": 53.263541374658544,
	"sipm52": 55.12430624548972,
	"sipm53": 64.48732285987006
}