{
	"sipm0": 61.069305622662455,
	"sipm1": 78.92414061951257,
	"sipm2": 47.35181138523053,
	"sipm3": 67.52185898507443,
	"sipm4": 114.40997536347511,
	"sipm5": 54.91297259243291,
	"sipm6": 44.9129725924329,
	"sipm7": 50.68858518734201,
	"sipm8": 69.78211157689219,
	"sipm9": 59.651741598211515,
	"sipm10": 72.64648594285659,
	"sipm11": 51.42323287904878,
	"sipm12": 47.30485607440497,
	"sipm13": 59.66120338850496,
	"sipm14": 62.02124348663908,
	"sipm15": 70.64648594285657,
	"sipm16": 50.30485607440495,
	"sipm17": 59.372087070805485,
	"sipm18": 65.84306603031914,
	"sipm19": 88.53711332016807,
	"sipm20": 48.752713841828665,
	"sipm21": 67.71894744142318,
	"sipm22": 114.74566453096377,
	"sipm23": 111.52636702870396,
	"sipm24": 57.651741598211515,
	"sipm25": 42.07669473971863,
	"sipm26": 41.37426098222165,
	"sipm27": 81.04432835779104,
	"sipm28": 47.48732285987006,
	"sipm29": 65.2633598570541,
	"sipm30": 62.372087070805485,
	"sipm31": 56.62972766543433,
	"sipm32": 71.87963074411705,
	"sipm33": 65.7814564002792,
	"sipm34": 50.113445282429566,
	"sipm35": 68.13509923742508,
	"sipm36": 69.66120338850496,
	"sipm37": 64.0,
	"sipm38": 69.78211157689219,
	"sipm39": 55.3924601071849,
	"sipm40": 51.75259748174649,
	"sipm41": 75.3924601071849,
	"sipm42": 54.25723222719314,
	"sipm43": 48.3085392017979,
	"sipm44": 41.257232227193136,
	"sipm45": 59.50717530361453,
	"sipm46": 81.78211157689218,
	"sipm47": 43.24905883393143,
	"sipm48": 41.75271384182866,
	"sipm49": 56.04432835779105,
	"sipm50": 59.392460107184895,
	"sipm51": 49.21127910138807,
	"sipm52": 39.499915942160115,
	"sipm53": 36.9008150868537
}