{
	"sipm0": 45.48732285987006,
	"sipm1": 67.54201439150407,
	"sipm2": 74.78211157689218,
	"sipm3": 90.16093961849322,
	"sipm4": 88.22126061256868,
	"sipm5": 70.38594517778249,
	"sipm6": 70.02124348663907,
	"sipm7": 58.48732285987007,
	"sipm8": 38.50717530361453,
	"sipm9": 99.44304389490355,
	"sipm10": 60.176182628196905,
	"sipm11": 69.71894744142317,
	"sipm12": 58.79767589790523,
	"sipm13": 85.79277482656923,
	"sipm14": 44.11344528242957,
	"sipm15": 67.49991594216011,
	"sipm16": 27.90081508685371,
	"sipm17": 42.97799264087397,
	"sipm18": 59.04432835779106,
	"sipm19": 74.62972766543433,
	"sipm20": 107.46834483090099,
	"sipm21": 66.54201439150407,
	"sipm22": 49.60294212980453,
	"sipm23": 69.35688624660428,
	"sipm24": 62.044328357791045,
	"sipm25": 53.113445282429566,
	"sipm26": 51.06930562266245,
	"sipm27": 83.52300081331211,
	"sipm28": 65.95212656200056,
	"sipm29": 72.38505370669674,
	"sipm30": 50.124306245489734,
	"sipm31": 70.62602700095653,
	"sipm32": 41.257232227193136,
	"sipm33": 57.91297259243291,
	"sipm34": 52.70866138087739,
	"sipm35": 55.42323287904879,
	"sipm36": 63.65174159821152,
	"sipm37": 75.52185898507443,
	"sipm38": 60.12430624548972,
	"sipm39": 67.25723222719313,
	"sipm40": 81.78211157689218,
	"sipm41": 70.93744181361453,
	"sipm42": 43.62602700095652,
	"sipm43": 33.5747746697121,
	"sipm44": 52.1761826281969,
	"sipm45": 87.13785474734124,
	"sipm46": 80.21127910138807,
	"sipm47": 46.78211157689218,
	"sipm48": 63.02124348663907,
	"sipm49": 60.924140619512556,
	"sipm50": 47.70866138087739,
	"sipm51": 43.24942807266112,
	"sipm52": 39.87963074411705,
	"sipm53": 49.683684116005985
}