{
	"sipm0": 64.84306603031914,
	"sipm1": 56.66120338850495,
	"sipm2": 62.356886246604276,
	"sipm3": 69.78080267546105,
	"sipm4": 51.30485607440496,
	"sipm5": 54.75271384182865,
	"sipm6": 59.54201439150408,
	"sipm7": 60.626027000956526,
	"sipm8": 53.38505370669673,
	"sipm9": 72.52185898507443,
	"sipm10": 66.00713018464162,
	"sipm11": 74.91297259243291,
	"sipm12": 49.24027498590212,
	"sipm13": 58.37208707080549,
	"sipm14": 58.01827066152035,
	"sipm15": 45.5747746697121,
	"sipm16": 74.30853920179791,
	"sipm17": 59.06930562266247,
	"sipm18": 78.66120338850496,
	"sipm19": 68.13509923742508,
	"sipm20": 67.37426098222166,
	"sipm21": 59.0,
	"sipm22": 49.21127910138807,
	"sipm23": 55.75271384182865,
	"sipm24": 61.00713018464164,
	"sipm25": 48.2633598570541,
	"sipm26": 2.4612276947195255,
	"sipm27": 64.62602700095653,
	"sipm28": 69.24905883393143,
	"sipm29": 54.602942129804546,
	"sipm30": 60.30485607440497,
	"sipm31": 49.06741322894304,
	"sipm32": 54.83534138127713,
	"sipm33": 40.78080267546106,
	"sipm34": 48.5747746697121,
	"sipm35": 76.24905883393143,
	"sipm36": 60.626027000956526,
	"sipm37": 81.52185898507443,
	"sipm38": 63.5230008133121,
	"sipm39": 33.92904169084858,
	"sipm40": 48.14209076865816,
	"sipm41": 33.91297259243291,
	"sipm42": 47.54201439150408,
	"sipm43": 44.24905883393144,
	"sipm44": 45.7525974817465,
	"sipm45": 80.62602700095653,
	"sipm46": 60.263359857054105,
	"sipm47": 58.62602700095652,
	"sipm48": 50.70866138087739,
	"sipm49": 89.17756571412912,
	"sipm50": 59.5230008133121,
	"sipm51": 53.62602700095652,
	"sipm52": 45.7525974817465,
	"sipm53": 50.13509923742508
}