{
	"sipm0": 72.50081043152653,
	"sipm1": 62.92414061951257,
	"sipm2": 75.3924601071849,
	"sipm3": 76.35574317044905,
	"sipm4": 71.46938786280305,
	"sipm5": 58.82762766439663,
	"sipm6": 74.44140192031506,
	"sipm7": 61.016342415303065,
	"sipm8": 66.83534138127712,
	"sipm9": 47.80157246920262,
	"sipm10": 62.02865535963466,
	"sipm11": 58.00713018464164,
	"sipm12": 110.91681527908861,
	"sipm13": 62.7525974817465,
	"sipm14": 73.3859451777825,
	"sipm15": 63.06741322894304,
	"sipm16": 72.93478119843301,
	"sipm17": 68.35688624660429,
	"sipm18": 85.35574317044906,
	"sipm19": 77.93744181361453,
	"sipm20": 68.02865535963467,
	"sipm21": 79.2633598570541,
	"sipm22": 55.17295947432051,
	"sipm23": 84.78145640027918,
	"sipm24": 61.90825346352469,
	"sipm25": 54.443967375585466,
	"sipm26": 61.124306245489734,
	"sipm27": 75.36064424178507,
	"sipm28": 67.92414061951257,
	"sipm29": 68.48732285987006,
	"sipm30": 57.3085392017979,
	"sipm31": 66.75280104064451,
	"sipm32": 61.752597481746506,
	"sipm33": 50.7525974817465,
	"sipm34": 61.855863799495175,
	"sipm35": 60.84306603031913,
	"sipm36": 77.83441562597011,
	"sipm37": 90.16093961849322,
	"sipm38": 72.90081508685373,
	"sipm39": 55.14209076865815,
	"sipm40": 52.63935575821494,
	"sipm41": 61.38505370669672,
	"sipm42": 65.3924601071849,
	"sipm43": 66.30485607440497,
	"sipm44": 69.78145640027918,
	"sipm45": 97.7478999693085,
	"sipm46": 60.25723222719314,
	"sipm47": 76.59804105846854,
	"sipm48": 69.71894744142317,
	"sipm49": 80.1729594743205,
	"sipm50": 50.262133298529136,
	"sipm51": 53.78145640027919,
	"sipm52": 72.90081508685373,
	"sipm53": 64.87963074411705
}