{
	"sipm0": 70.42323287904878,
	"sipm1": 50.24905883393143,
	"sipm2": 71.80157246920263,
	"sipm3": 83.24942807266112,
	"sipm4": 55.661203388504966,
	"sipm5": 54.37426098222166,
	"sipm6": 56.24905883393143,
	"sipm7": 48.216508041280235,
	"sipm8": 80.24942807266112,
	"sipm9": 80.26354137465856,
	"sipm10": 56.14209076865815,
	"sipm11": 66.87613691497114,
	"sipm12": 55.24942807266112,
	"sipm13": 53.42323287904878,
	"sipm14": 58.14209076865816,
	"sipm15": 67.75271384182867,
	"sipm16": 59.752597481746506,
	"sipm17": 60.02124348663908,
	"sipm18": 61.38505370669672,
	"sipm19": 54.79874478889448,
	"sipm20": 57.124306245489734,
	"sipm21": 53.95212656200056,
	"sipm22": 51.392460107184895,
	"sipm23": 66.00713018464162,
	"sipm24": 61.62602700095654,
	"sipm25": 46.95212656200056,
	"sipm26": 62.78080267546105,
	"sipm27": 80.5747746697121,
	"sipm28": 57.84306603031913,
	"sipm29": 56.87963074411705,
	"sipm30": 53.79277482656923,
	"sipm31": 63.78080267546105,
	"sipm32": 38.1761826281969,
	"sipm33": 57.044328357791045,
	"sipm34": 56.35181138523054,
	"sipm35": 69.44140192031506,
	"sipm36": 58.124306245489734,
	"sipm37": 65.75271384182865,
	"sipm38": 81.5747746697121,
	"sipm39": 40.79874478889449,
	"sipm40": 60.52185898507444,
	"sipm41": 54.044328357791045,
	"sipm42": 48.42323287904878,
	"sipm43": 52.25723222719313,
	"sipm44": 56.3924601071849,
	"sipm45": 76.25723222719313,
	"sipm46": 68.57596415339077,
	"sipm47": 53.14275581867724,
	"sipm48": 57.87963074411705,
	"sipm49": 51.01827066152035,
	"sipm50": 43.7525974817465,
	"sipm51": 57.629727665434324,
	"sipm52": 49.308539201797906,
	"sipm53": 64.62602700095653
}