{
	"sipm0": 55.924140619512556,
	"sipm1": 54.08721352563864,
	"sipm2": 49.50717530361453,
	"sipm3": 56.97710382687194,
	"sipm4": 79.2633598570541,
	"sipm5": 59.021243486639065,
	"sipm6": 62.95212656200055,
	"sipm7": 40.95066607635174,
	"sipm8": 62.25723222719313,
	"sipm9": 72.87613691497114,
	"sipm10": 72.25723222719313,
	"sipm11": 63.14209076865815,
	"sipm12": 79.50081043152653,
	"sipm13": 58.42323287904878,
	"sipm14": 37.42323287904878,
	"sipm15": 40.0,
	"sipm16": 63.5230008133121,
	"sipm17": 67.79767589790524,
	"sipm18": 72.26354137465856,
	"sipm19": 63.660599244854005,
	"sipm20": 71.3924601071849,
	"sipm21": 43.38505370669673,
	"sipm22": 60.26354137465856,
	"sipm23": 48.02124348663907,
	"sipm24": 51.542014391504075,
	"sipm25": 58.176182628196905,
	"sipm26": 35.37208707080548,
	"sipm27": 72.95212656200056,
	"sipm28": 64.63935575821495,
	"sipm29": 76.13509923742507,
	"sipm30": 66.84306603031912,
	"sipm31": 38.54201439150407,
	"sipm32": 72.00713018464164,
	"sipm33": 52.87613691497115,
	"sipm34": 56.62972766543433,
	"sipm35": 108.58023359222571,
	"sipm36": 69.0,
	"sipm37": 79.38505370669674,
	"sipm38": 65.00713018464162,
	"sipm39": 40.35181138523053,
	"sipm40": 65.06930562266245,
	"sipm41": 51.62972766543432,
	"sipm42": 78.38416882529602,
	"sipm43": 41.469387862803046,
	"sipm44": 67.2633598570541,
	"sipm45": 72.80157246920263,
	"sipm46": 71.87963074411705,
	"sipm47": 43.97799264087397,
	"sipm48": 41.48732285987007,
	"sipm49": 60.35574317044906,
	"sipm50": 55.26354137465856,
	"sipm51": 54.646554603955416,
	"sipm52": 42.59935736721039,
	"sipm53": 48.044328357791045
}