{
	"sipm0": 67.26354137465856,
	"sipm1": 45.90081508685371,
	"sipm2": 70.02124348663907,
	"sipm3": 76.65174159821152,
	"sipm4": 75.30853920179791,
	"sipm5": 55.49991594216012,
	"sipm6": 49.308539201797906,
	"sipm7": 63.49991594216012,
	"sipm8": 73.62972766543433,
	"sipm9": 69.02124348663907,
	"sipm10": 48.48732285987006,
	"sipm11": 71.04432835779104,
	"sipm12": 75.87963074411705,
	"sipm13": 53.263541374658544,
	"sipm14": 52.78080267546106,
	"sipm15": 43.54201439150408,
	"sipm16": 60.30485607440497,
	"sipm17": 48.780802675461054,
	"sipm18": 50.24905883393143,
	"sipm19": 52.629727665434324,
	"sipm20": 50.50717530361453,
	"sipm21": 69.14209076865816,
	"sipm22": 54.24905883393144,
	"sipm23": 69.90081508685371,
	"sipm24": 45.38505370669672,
	"sipm25": 49.469387862803046,
	"sipm26": 65.78211157689218,
	"sipm27": 77.24905883393143,
	"sipm28": 49.5747746697121,
	"sipm29": 70.50081043152653,
	"sipm30": 70.30853920179791,
	"sipm31": 56.49783393910721,
	"sipm32": 68.37426098222166,
	"sipm33": 68.52185898507443,
	"sipm34": 81.66059924485401,
	"sipm35": 58.13509923742508,
	"sipm36": 60.441401920315066,
	"sipm37": 71.49991594216011,
	"sipm38": 47.78080267546106,
	"sipm39": 56.62972766543433,
	"sipm40": 52.12909550366166,
	"sipm41": 69.7525974817465,
	"sipm42": 39.626027000956526,
	"sipm43": 36.57477466971211,
	"sipm44": 54.62602700095653,
	"sipm45": 77.95212656200056,
	"sipm46": 51.499915942160115,
	"sipm47": 70.62602700095653,
	"sipm48": 64.0,
	"sipm49": 67.90081508685371,
	"sipm50": 72.30853920179791,
	"sipm51": 61.24942807266112,
	"sipm52": 78.78080267546105,
	"sipm53": 65.79874478889448
}