{
	"sipm0": 87.37882804160103,
	"sipm1": 59.21127910138807,
	"sipm2": 80.78211157689218,
	"sipm3": 91.51695791373842,
	"sipm4": 72.51695791373842,
	"sipm5": 80.78145640027918,
	"sipm6": 60.49783393910721,
	"sipm7": 59.53711332016807,
	"sipm8": 64.78145640027918,
	"sipm9": 84.75280104064451,
	"sipm10": 61.92414061951256,
	"sipm11": 60.249428072661125,
	"sipm12": 65.35574317044906,
	"sipm13": 78.06440455132645,
	"sipm14": 72.37882804160104,
	"sipm15": 66.07669473971862,
	"sipm16": 83.1729594743205,
	"sipm17": 78.21127910138807,
	"sipm18": 70.66059924485401,
	"sipm19": 63.646485942856586,
	"sipm20": 78.66577363307742,
	"sipm21": 59.63935575821495,
	"sipm22": 80.08721352563865,
	"sipm23": 65.35574317044906,
	"sipm24": 85.50081043152653,
	"sipm25": 60.38416882529603,
	"sipm26": 61.9858039201865,
	"sipm27": 80.04432835779104,
	"sipm28": 62.23537391456611,
	"sipm29": 77.23537391456611,
	"sipm30": 75.04432835779106,
	"sipm31": 66.08721352563865,
	"sipm32": 75.21127910138807,
	"sipm33": 60.85586379949518,
	"sipm34": 78.64648594285659,
	"sipm35": 61.5747746697121,
	"sipm36": 83.59804105846854,
	"sipm37": 81.08721352563863,
	"sipm38": 74.07669473971863,
	"sipm39": 67.53360371610557,
	"sipm40": 57.93968226976901,
	"sipm41": 83.33954063944228,
	"sipm42": 89.33954063944228,
	"sipm43": 75.06741322894304,
	"sipm44": 81.83004608356214,
	"sipm45": 74.04432835779106,
	"sipm46": 62.50081043152653,
	"sipm47": 78.92414061951257,
	"sipm48": 53.50081043152652,
	"sipm49": 86.08721352563865,
	"sipm50": 47.75280104064451,
	"sipm51": 32.46122769471954,
	"sipm52": 71.64648594285659,
	"sipm53": 57.49783393910721
}