{
	"sipm0": 60.33954063944227,
	"sipm1": 61.289973127559335,
	"sipm2": 56.9858039201865,
	"sipm3": 65.7086613808774,
	"sipm4": 89.33954063944228,
	"sipm5": 63.79874478889449,
	"sipm6": 72.13785474734124,
	"sipm7": 55.087213525638646,
	"sipm8": 71.68368411600599,
	"sipm9": 80.75280104064451,
	"sipm10": 80.35574317044906,
	"sipm11": 71.59804105846854,
	"sipm12": 79.21127910138807,
	"sipm13": 63.79874478889449,
	"sipm14": 42.66059924485401,
	"sipm15": 51.00222911330564,
	"sipm16": 72.2153444144501,
	"sipm17": 75.66059924485401,
	"sipm18": 80.01634241530306,
	"sipm19": 68.22126061256867,
	"sipm20": 77.75280104064451,
	"sipm21": 47.24942807266112,
	"sipm22": 63.21650804128024,
	"sipm23": 57.37882804160104,
	"sipm24": 58.35574317044907,
	"sipm25": 61.646485942856586,
	"sipm26": 43.06741322894304,
	"sipm27": 75.24905883393143,
	"sipm28": 66.68368411600599,
	"sipm29": 81.23537391456611,
	"sipm30": 70.53360371610557,
	"sipm31": 39.87613691497114,
	"sipm32": 74.79874478889448,
	"sipm33": 56.5230008133121,
	"sipm34": 65.85586379949518,
	"sipm35": 112.46122769471953,
	"sipm36": 77.22126061256868,
	"sipm37": 84.21650804128024,
	"sipm38": 70.9858039201865,
	"sipm39": 51.75280104064451,
	"sipm40": 74.44396737558546,
	"sipm41": 57.500810431526524,
	"sipm42": 79.13785474734124,
	"sipm43": 51.646485942856586,
	"sipm44": 68.0,
	"sipm45": 81.06741322894304,
	"sipm46": 77.83441562597011,
	"sipm47": 53.03942728645505,
	"sipm48": 48.92414061951257,
	"sipm49": 66.34453295164764,
	"sipm50": 60.83441562597011,
	"sipm51": 61.38505370669672,
	"sipm52": 50.42323287904878,
	"sipm53": 46.87963074411705
}