{
	"sipm0": 55.290573931927725,
	"sipm1": 78.01634241530307,
	"sipm2": 78.50081043152653,
	"sipm3": 94.39890423513643,
	"sipm4": 91.00222911330565,
	"sipm5": 75.69612301900915,
	"sipm6": 74.3859451777825,
	"sipm7": 62.007130184641646,
	"sipm8": 49.832333622917204,
	"sipm9": 111.22025440045972,
	"sipm10": 63.646485942856586,
	"sipm11": 72.87963074411707,
	"sipm12": 66.52300081331211,
	"sipm13": 91.1729594743205,
	"sipm14": 43.176182628196905,
	"sipm15": 73.38416882529602,
	"sipm16": 36.290573931927725,
	"sipm17": 49.01634241530306,
	"sipm18": 64.13785474734124,
	"sipm19": 82.75280104064451,
	"sipm20": 114.40997536347511,
	"sipm21": 73.93968226976902,
	"sipm22": 53.3924601071849,
	"sipm23": 71.08721352563865,
	"sipm24": 65.64648594285657,
	"sipm25": 55.06741322894304,
	"sipm26": 54.13509923742508,
	"sipm27": 88.37882804160104,
	"sipm28": 70.97799264087398,
	"sipm29": 78.93968226976901,
	"sipm30": 58.69612301900915,
	"sipm31": 75.93968226976901,
	"sipm32": 53.830046083562124,
	"sipm33": 63.29057393192772,
	"sipm34": 51.52185898507443,
	"sipm35": 61.07669473971863,
	"sipm36": 70.69612301900915,
	"sipm37": 77.66059924485401,
	"sipm38": 65.50081043152653,
	"sipm39": 72.7086613808774,
	"sipm40": 84.35688624660429,
	"sipm41": 75.22126061256867,
	"sipm42": 48.93968226976901,
	"sipm43": 37.384168825296015,
	"sipm44": 56.23537391456611,
	"sipm45": 91.00222911330565,
	"sipm46": 79.21650804128024,
	"sipm47": 51.08721352563863,
	"sipm48": 70.23537391456611,
	"sipm49": 65.01634241530306,
	"sipm50": 50.35574317044906,
	"sipm51": 46.235373914566104,
	"sipm52": 47.06440455132645,
	"sipm53": 49.985803920186484
}