{
	"sipm0": 56.216508041280235,
	"sipm1": 71.39215679885945,
	"sipm2": 66.24942807266112,
	"sipm3": 74.9858039201865,
	"sipm4": 75.90081508685371,
	"sipm5": 77.54610665375422,
	"sipm6": 82.35574317044906,
	"sipm7": 64.21127910138807,
	"sipm8": 121.41912845023413,
	"sipm9": 69.53360371610556,
	"sipm10": 77.29057393192772,
	"sipm11": 74.78145640027918,
	"sipm12": 66.78145640027918,
	"sipm13": 65.23537391456611,
	"sipm14": 67.08721352563865,
	"sipm15": 77.21127910138807,
	"sipm16": 63.63935575821495,
	"sipm17": 71.62602700095653,
	"sipm18": 87.13785474734124,
	"sipm19": 78.21650804128024,
	"sipm20": 84.79277482656923,
	"sipm21": 76.38416882529603,
	"sipm22": 64.49783393910721,
	"sipm23": 78.90825346352467,
	"sipm24": 77.50227423227852,
	"sipm25": 64.52300081331211,
	"sipm26": 63.646485942856586,
	"sipm27": 77.53360371610556,
	"sipm28": 66.52300081331211,
	"sipm29": 69.35688624660428,
	"sipm30": 96.72895425707391,
	"sipm31": 50.08721352563863,
	"sipm32": 81.59804105846854,
	"sipm33": 71.3859451777825,
	"sipm34": 55.85586379949518,
	"sipm35": 71.7086613808774,
	"sipm36": 77.11344528242958,
	"sipm37": 78.23537391456611,
	"sipm38": 83.29057393192772,
	"sipm39": 67.79874478889448,
	"sipm40": 70.35688624660429,
	"sipm41": 67.3085392017979,
	"sipm42": 72.68368411600599,
	"sipm43": 67.78145640027918,
	"sipm44": 73.50227423227852,
	"sipm45": 102.62441404462257,
	"sipm46": 85.06440455132645,
	"sipm47": 72.06741322894304,
	"sipm48": 72.44396737558546,
	"sipm49": 82.83004608356214,
	"sipm50": 85.17756571412912,
	"sipm51": 56.9129725924329,
	"sipm52": 50.4978339391072,
	"sipm53": 70.65174159821152
}