{
	"sipm0": 71.44396737558546,
	"sipm1": 91.84001456628316,
	"sipm2": 48.9858039201865,
	"sipm3": 87.22126061256867,
	"sipm4": 54.53711332016807,
	"sipm5": 78.93744181361453,
	"sipm6": 81.13785474734124,
	"sipm7": 62.50227423227851,
	"sipm8": 66.06440455132645,
	"sipm9": 65.79277482656923,
	"sipm10": 87.53711332016806,
	"sipm11": 49.646485942856586,
	"sipm12": 83.13785474734124,
	"sipm13": 50.23537391456612,
	"sipm14": 48.087213525638646,
	"sipm15": 82.01634241530307,
	"sipm16": 48.93744181361453,
	"sipm17": 53.79277482656923,
	"sipm18": 80.68368411600599,
	"sipm19": 85.66577363307742,
	"sipm20": 64.35084209911307,
	"sipm21": 81.66326487784526,
	"sipm22": 60.9858039201865,
	"sipm23": 64.13509923742507,
	"sipm24": 64.66577363307744,
	"sipm25": 64.50227423227852,
	"sipm26": 75.53711332016807,
	"sipm27": 57.01634241530307,
	"sipm28": 72.08721352563863,
	"sipm29": 58.221260612568685,
	"sipm30": 57.537113320168075,
	"sipm31": 68.9858039201865,
	"sipm32": 66.32757571035663,
	"sipm33": 50.495014870824114,
	"sipm34": 48.07669473971863,
	"sipm35": 50.23537391456612,
	"sipm36": 66.66059924485401,
	"sipm37": 89.34453295164764,
	"sipm38": 58.49783393910722,
	"sipm39": 75.68368411600599,
	"sipm40": 49.90825346352469,
	"sipm41": 76.44140192031507,
	"sipm42": 71.91297259243291,
	"sipm43": 55.9858039201865,
	"sipm44": 72.06741322894304,
	"sipm45": 90.8323336229172,
	"sipm46": 62.07669473971863,
	"sipm47": 77.90825346352469,
	"sipm48": 70.83441562597011,
	"sipm49": 64.78145640027918,
	"sipm50": 62.79874478889449,
	"sipm51": 61.598041058468546,
	"sipm52": 73.93744181361453,
	"sipm53": 82.49501487082412
}