{
	"sipm0": 60.98011250448854,
	"sipm1": 69.01634241530306,
	"sipm2": 65.49991594216011,
	"sipm3": 87.13785474734124,
	"sipm4": 68.22126061256867,
	"sipm5": 61.069305622662455,
	"sipm6": 78.54201439150408,
	"sipm7": 59.392460107184895,
	"sipm8": 64.79277482656923,
	"sipm9": 70.1761826281969,
	"sipm10": 70.93744181361453,
	"sipm11": 44.14209076865815,
	"sipm12": 63.462000375867596,
	"sipm13": 67.24942807266112,
	"sipm14": 66.29057393192772,
	"sipm15": 57.11344528242958,
	"sipm16": 64.3859451777825,
	"sipm17": 77.66120338850496,
	"sipm18": 74.85586379949518,
	"sipm19": 85.93968226976901,
	"sipm20": 60.683684116006,
	"sipm21": 68.83004608356212,
	"sipm22": 57.26844244599455,
	"sipm23": 41.14275581867724,
	"sipm24": 47.629727665434324,
	"sipm25": 56.067413228943025,
	"sipm26": 60.782111576892184,
	"sipm27": 74.54201439150407,
	"sipm28": 70.93968226976901,
	"sipm29": 66.23537391456611,
	"sipm30": 68.17756571412912,
	"sipm31": 63.63935575821495,
	"sipm32": 43.49991594216012,
	"sipm33": 54.95212656200056,
	"sipm34": 59.22126061256867,
	"sipm35": 73.78211157689218,
	"sipm36": 75.37426098222164,
	"sipm37": 70.06741322894302,
	"sipm38": 64.11344528242958,
	"sipm39": 65.85586379949518,
	"sipm40": 69.56987359837609,
	"sipm41": 60.02124348663908,
	"sipm42": 58.186881229124495,
	"sipm43": 48.016342415303065,
	"sipm44": 58.93744181361453,
	"sipm45": 78.04432835779104,
	"sipm46": 67.2633598570541,
	"sipm47": 65.3859451777825,
	"sipm48": 66.56987359837609,
	"sipm49": 66.5747746697121,
	"sipm50": 68.32757571035661,
	"sipm51": 61.49991594216013,
	"sipm52": 59.995098928664,
	"sipm53": 53.66577363307743
}