{
	"sipm0": 62.2633598570541,
	"sipm1": 78.44396737558546,
	"sipm2": 62.68368411600599,
	"sipm3": 70.93744181361453,
	"sipm4": 68.93744181361453,
	"sipm5": 68.06440455132645,
	"sipm6": 67.63935575821495,
	"sipm7": 47.356886246604276,
	"sipm8": 66.12430624548972,
	"sipm9": 95.54440002898608,
	"sipm10": 71.51695791373842,
	"sipm11": 66.92414061951257,
	"sipm12": 72.08721352563863,
	"sipm13": 94.02531398445763,
	"sipm14": 80.38416882529603,
	"sipm15": 73.21127910138807,
	"sipm16": 74.21127910138807,
	"sipm17": 53.21650804128024,
	"sipm18": 67.79874478889448,
	"sipm19": 61.598041058468546,
	"sipm20": 67.33954063944228,
	"sipm21": 73.21127910138807,
	"sipm22": 71.53360371610556,
	"sipm23": 64.23537391456611,
	"sipm24": 114.40997536347511,
	"sipm25": 73.23537391456611,
	"sipm26": 73.99509892866399,
	"sipm27": 79.68368411600599,
	"sipm28": 91.69024285425904,
	"sipm29": 74.69612301900915,
	"sipm30": 64.33954063944228,
	"sipm31": 115.08462876642415,
	"sipm32": 64.22126061256867,
	"sipm33": 58.35574317044907,
	"sipm34": 67.49501487082412,
	"sipm35": 50.78145640027918,
	"sipm36": 72.66059924485401,
	"sipm37": 73.75280104064451,
	"sipm38": 91.69024285425904,
	"sipm39": 75.33954063944228,
	"sipm40": 54.1761826281969,
	"sipm41": 58.11344528242957,
	"sipm42": 60.646485942856586,
	"sipm43": 70.17756571412912,
	"sipm44": 67.13785474734124,
	"sipm45": 69.78145640027918,
	"sipm46": 87.13785474734124,
	"sipm47": 64.93744181361453,
	"sipm48": 73.64648594285659,
	"sipm49": 68.50227423227852,
	"sipm50": 67.37882804160104,
	"sipm51": 53.93968226976901,
	"sipm52": 63.384168825296015,
	"sipm53": 56.50081043152652
}