{
	"sipm0": 86.39215679885946,
	"sipm1": 77.79874478889448,
	"sipm2": 69.44396737558547,
	"sipm3": 56.385945177782496,
	"sipm4": 57.798744788894496,
	"sipm5": 60.937441813614534,
	"sipm6": 44.75280104064451,
	"sipm7": 49.01634241530306,
	"sipm8": 49.21127910138807,
	"sipm9": 78.54440002898608,
	"sipm10": 69.9858039201865,
	"sipm11": 74.06440455132645,
	"sipm12": 71.33954063944228,
	"sipm13": 62.83004608356213,
	"sipm14": 58.92414061951257,
	"sipm15": 57.216508041280235,
	"sipm16": 40.9858039201865,
	"sipm17": 50.7528010406445,
	"sipm18": 65.84306603031914,
	"sipm19": 83.66577363307744,
	"sipm20": 46.339540639442276,
	"sipm21": 67.38416882529603,
	"sipm22": 48.79277482656922,
	"sipm23": 54.683684116005985,
	"sipm24": 63.8323336229172,
	"sipm25": 35.59804105846854,
	"sipm26": 49.00713018464164,
	"sipm27": 84.35574317044906,
	"sipm28": 81.9858039201865,
	"sipm29": 62.8344156259701,
	"sipm30": 55.53360371610557,
	"sipm31": 43.75280104064451,
	"sipm32": 67.01634241530307,
	"sipm33": 39.79277482656923,
	"sipm34": 35.93744181361453,
	"sipm35": 50.249428072661125,
	"sipm36": 67.52300081331211,
	"sipm37": 78.24942807266112,
	"sipm38": 70.44140192031506,
	"sipm39": 70.52300081331211,
	"sipm40": 74.23537391456611,
	"sipm41": 49.75280104064451,
	"sipm42": 38.3859451777825,
	"sipm43": 44.21127910138807,
	"sipm44": 53.683684116006,
	"sipm45": 66.17756571412912,
	"sipm46": 65.93968226976901,
	"sipm47": 66.29057393192772,
	"sipm48": 58.06440455132645,
	"sipm49": 48.79277482656922,
	"sipm50": 67.93744181361453,
	"sipm51": 47.646485942856586,
	"sipm52": 48.35574317044906,
	"sipm53": 47.44140192031506
}