{
	"sipm0": 58.50081043152652,
	"sipm1": 61.38416882529602,
	"sipm2": 63.35574317044906,
	"sipm3": 61.33954063944226,
	"sipm4": 76.21127910138807,
	"sipm5": 60.22126061256868,
	"sipm6": 62.38594517778249,
	"sipm7": 60.53360371610557,
	"sipm8": 61.53360371610556,
	"sipm9": 72.50081043152653,
	"sipm10": 58.221260612568685,
	"sipm11": 58.79874478889449,
	"sipm12": 48.83441562597011,
	"sipm13": 104.0823996531185,
	"sipm14": 81.83441562597011,
	"sipm15": 62.53360371610556,
	"sipm16": 60.78080267546106,
	"sipm17": 61.443967375585466,
	"sipm18": 55.21650804128023,
	"sipm19": 54.076694739718626,
	"sipm20": 63.90825346352467,
	"sipm21": 47.01634241530307,
	"sipm22": 73.90825346352469,
	"sipm23": 70.37882804160104,
	"sipm24": 73.90825346352469,
	"sipm25": 48.79874478889448,
	"sipm26": 47.66059924485401,
	"sipm27": 88.49501487082412,
	"sipm28": 54.24942807266112,
	"sipm29": 63.66577363307743,
	"sipm30": 63.113445282429566,
	"sipm31": 67.17756571412912,
	"sipm32": 91.00222911330565,
	"sipm33": 72.29057393192772,
	"sipm34": 46.78145640027919,
	"sipm35": 63.13785474734123,
	"sipm36": 77.22126061256868,
	"sipm37": 118.66961631973311,
	"sipm38": 58.53360371610557,
	"sipm39": 62.598041058468546,
	"sipm40": 69.21650804128024,
	"sipm41": 49.78145640027918,
	"sipm42": 61.68368411600599,
	"sipm43": 62.356886246604276,
	"sipm44": 65.7814564002792,
	"sipm45": 83.83441562597011,
	"sipm46": 62.8344156259701,
	"sipm47": 61.66577363307742,
	"sipm48": 46.83441562597011,
	"sipm49": 54.1729594743205,
	"sipm50": 62.32757571035661,
	"sipm51": 68.21127910138807,
	"sipm52": 49.832333622917204,
	"sipm53": 99.22657242482956
}