{
	"sipm0": 66.11344528242958,
	"sipm1": 85.86439639460102,
	"sipm2": 55.356886246604276,
	"sipm3": 72.53360371610556,
	"sipm4": 120.61110229788805,
	"sipm5": 60.44396737558546,
	"sipm6": 53.663264877845265,
	"sipm7": 56.04432835779105,
	"sipm8": 72.35688624660429,
	"sipm9": 59.91297259243291,
	"sipm10": 78.51695791373842,
	"sipm11": 56.937441813614534,
	"sipm12": 54.35574317044906,
	"sipm13": 69.85586379949518,
	"sipm14": 67.07669473971862,
	"sipm15": 72.59804105846854,
	"sipm16": 60.537113320168075,
	"sipm17": 67.79277482656923,
	"sipm18": 73.49501487082412,
	"sipm19": 94.39890423513643,
	"sipm20": 56.90825346352469,
	"sipm21": 77.29057393192772,
	"sipm22": 116.47455645197795,
	"sipm23": 114.74566453096377,
	"sipm24": 60.35688624660428,
	"sipm25": 45.90825346352468,
	"sipm26": 44.5230008133121,
	"sipm27": 85.23537391456611,
	"sipm28": 56.08721352563863,
	"sipm29": 75.50227423227852,
	"sipm30": 71.83441562597011,
	"sipm31": 59.70866138087739,
	"sipm32": 75.49783393910721,
	"sipm33": 70.17756571412912,
	"sipm34": 58.69024285425904,
	"sipm35": 74.90825346352469,
	"sipm36": 76.64648594285659,
	"sipm37": 74.16093961849322,
	"sipm38": 76.06440455132645,
	"sipm39": 55.13509923742508,
	"sipm40": 57.235373914566104,
	"sipm41": 77.93744181361453,
	"sipm42": 60.249428072661125,
	"sipm43": 52.53360371610556,
	"sipm44": 50.384168825296015,
	"sipm45": 65.21127910138807,
	"sipm46": 88.06440455132645,
	"sipm47": 47.92414061951256,
	"sipm48": 46.07669473971863,
	"sipm49": 61.290573931927725,
	"sipm50": 64.9858039201865,
	"sipm51": 50.08721352563863,
	"sipm52": 45.9858039201865,
	"sipm53": 45.90825346352468
}