{
	"sipm0": 69.21650804128024,
	"sipm1": 63.339540639442276,
	"sipm2": 65.90825346352469,
	"sipm3": 66.83004608356212,
	"sipm4": 67.13785474734124,
	"sipm5": 85.33954063944228,
	"sipm6": 77.995098928664,
	"sipm7": 73.35688624660429,
	"sipm8": 44.683684116005985,
	"sipm9": 63.75280104064451,
	"sipm10": 77.08721352563863,
	"sipm11": 50.37208707080549,
	"sipm12": 81.53711332016807,
	"sipm13": 52.939682269769015,
	"sipm14": 72.9858039201865,
	"sipm15": 60.924140619512556,
	"sipm16": 58.49783393910722,
	"sipm17": 60.50227423227852,
	"sipm18": 41.79874478889448,
	"sipm19": 84.52870264476957,
	"sipm20": 59.160939618493224,
	"sipm21": 73.90825346352469,
	"sipm22": 76.64648594285659,
	"sipm23": 51.53711332016807,
	"sipm24": 61.97799264087398,
	"sipm25": 44.34453295164763,
	"sipm26": 71.32757571035663,
	"sipm27": 73.79277482656923,
	"sipm28": 119.82144197578451,
	"sipm29": 55.53360371610557,
	"sipm30": 54.5747746697121,
	"sipm31": 67.85586379949518,
	"sipm32": 57.9858039201865,
	"sipm33": 70.13509923742508,
	"sipm34": 68.13785474734124,
	"sipm35": 68.79277482656923,
	"sipm36": 72.92414061951257,
	"sipm37": 97.7478999693085,
	"sipm38": 55.5747746697121,
	"sipm39": 59.21127910138807,
	"sipm40": 57.51695791373842,
	"sipm41": 52.06440455132645,
	"sipm42": 76.78145640027918,
	"sipm43": 54.221260612568685,
	"sipm44": 68.49783393910721,
	"sipm45": 58.13785474734123,
	"sipm46": 60.90825346352469,
	"sipm47": 57.537113320168075,
	"sipm48": 78.50081043152653,
	"sipm49": 77.13785474734124,
	"sipm50": 57.537113320168075,
	"sipm51": 75.83441562597011,
	"sipm52": 65.63935575821495,
	"sipm53": 70.44396737558546
}