{
	"sipm0": 68.23537391456611,
	"sipm1": 64.23537391456611,
	"sipm2": 63.35574317044906,
	"sipm3": 77.23537391456611,
	"sipm4": 57.63935575821494,
	"sipm5": 59.92414061951256,
	"sipm6": 67.23537391456611,
	"sipm7": 66.38416882529602,
	"sipm8": 58.63935575821495,
	"sipm9": 77.23537391456611,
	"sipm10": 72.59804105846854,
	"sipm11": 82.66577363307744,
	"sipm12": 53.87963074411705,
	"sipm13": 69.06440455132645,
	"sipm14": 68.38416882529603,
	"sipm15": 49.384168825296015,
	"sipm16": 79.90825346352469,
	"sipm17": 66.50081043152653,
	"sipm18": 90.16093961849322,
	"sipm19": 71.35688624660428,
	"sipm20": 69.97799264087398,
	"sipm21": 63.92414061951257,
	"sipm22": 53.995098928664,
	"sipm23": 60.781456400279176,
	"sipm24": 66.9858039201865,
	"sipm25": 55.9858039201865,
	"sipm26": 2.4612276947195255,
	"sipm27": 72.53711332016807,
	"sipm28": 75.38416882529603,
	"sipm29": 61.07669473971863,
	"sipm30": 66.35688624660429,
	"sipm31": 54.832333622917204,
	"sipm32": 61.92414061951256,
	"sipm33": 46.78145640027919,
	"sipm34": 54.221260612568685,
	"sipm35": 81.35574317044906,
	"sipm36": 66.68368411600599,
	"sipm37": 89.01634241530307,
	"sipm38": 67.90825346352469,
	"sipm39": 44.939682269769015,
	"sipm40": 55.683684116006,
	"sipm41": 42.663264877845265,
	"sipm42": 53.78145640027919,
	"sipm43": 47.38594517778249,
	"sipm44": 50.646485942856586,
	"sipm45": 85.93968226976901,
	"sipm46": 68.75280104064453,
	"sipm47": 63.50081043152652,
	"sipm48": 55.75280104064451,
	"sipm49": 98.37392697026503,
	"sipm50": 67.34453295164764,
	"sipm51": 56.5230008133121,
	"sipm52": 52.29057393192771,
	"sipm53": 54.939682269769015
}