{
	"sipm0": 76.49783393910721,
	"sipm1": 55.35574317044905,
	"sipm2": 78.24942807266112,
	"sipm3": 92.2153444144501,
	"sipm4": 64.90825346352469,
	"sipm5": 60.9858039201865,
	"sipm6": 61.21127910138806,
	"sipm7": 54.49501487082412,
	"sipm8": 82.21127910138807,
	"sipm9": 89.32757571035661,
	"sipm10": 61.49783393910722,
	"sipm11": 72.50081043152653,
	"sipm12": 58.384168825296015,
	"sipm13": 57.97799264087397,
	"sipm14": 65.9858039201865,
	"sipm15": 74.68368411600599,
	"sipm16": 65.68368411600599,
	"sipm17": 63.97799264087398,
	"sipm18": 65.93744181361453,
	"sipm19": 61.66326487784526,
	"sipm20": 63.53360371610557,
	"sipm21": 63.13785474734123,
	"sipm22": 57.13785474734124,
	"sipm23": 72.75280104064451,
	"sipm24": 66.50081043152653,
	"sipm25": 55.38416882529603,
	"sipm26": 65.91297259243291,
	"sipm27": 85.29057393192772,
	"sipm28": 64.33954063944228,
	"sipm29": 63.75280104064451,
	"sipm30": 59.1729594743205,
	"sipm31": 71.9858039201865,
	"sipm32": 42.8344156259701,
	"sipm33": 61.83441562597011,
	"sipm34": 62.70866138087739,
	"sipm35": 71.49783393910721,
	"sipm36": 61.24942807266112,
	"sipm37": 73.13785474734124,
	"sipm38": 84.93968226976901,
	"sipm39": 40.3859451777825,
	"sipm40": 65.53360371610557,
	"sipm41": 57.500810431526524,
	"sipm42": 54.356886246604276,
	"sipm43": 52.602942129804546,
	"sipm44": 58.93744181361453,
	"sipm45": 85.83441562597011,
	"sipm46": 77.21127910138807,
	"sipm47": 61.21127910138806,
	"sipm48": 64.44396737558546,
	"sipm49": 58.11344528242957,
	"sipm50": 48.64648594285657,
	"sipm51": 61.5230008133121,
	"sipm52": 52.500810431526524,
	"sipm53": 66.44140192031506
}