{
	"sipm0": 58.97799264087397,
	"sipm1": 104.58231559527862,
	"sipm2": -27.538772305280474,
	"sipm3": 89.50227423227852,
	"sipm4": 64.49991594216011,
	"sipm5": 80.8323336229172,
	"sipm6": 79.16093961849322,
	"sipm7": 66.75280104064451,
	"sipm8": 78.53360371610557,
	"sipm9": 70.91297259243291,
	"sipm10": 82.8323336229172,
	"sipm11": 53.21650804128024,
	"sipm12": 62.290573931927725,
	"sipm13": 74.79874478889448,
	"sipm14": 64.99509892866399,
	"sipm15": 63.23537391456611,
	"sipm16": 70.08721352563863,
	"sipm17": 76.85586379949518,
	"sipm18": 73.79277482656923,
	"sipm19": 51.12430624548972,
	"sipm20": 67.06741322894304,
	"sipm21": 77.92414061951257,
	"sipm22": 73.50081043152653,
	"sipm23": 71.83004608356212,
	"sipm24": 51.5230008133121,
	"sipm25": 69.23537391456611,
	"sipm26": 59.443967375585466,
	"sipm27": 57.356886246604276,
	"sipm28": 60.79874478889449,
	"sipm29": 107.74299889797251,
	"sipm30": 128.164799306237,
	"sipm31": 69.35688624660428,
	"sipm32": 60.216508041280235,
	"sipm33": 48.211279101388065,
	"sipm34": 65.69612301900915,
	"sipm35": 57.63935575821494,
	"sipm36": 63.21127910138807,
	"sipm37": 45.84306603031912,
	"sipm38": 58.24942807266112,
	"sipm39": 62.864396394601,
	"sipm40": 73.13785474734124,
	"sipm41": 66.50227423227852,
	"sipm42": 44.12430624548973,
	"sipm43": 50.290573931927725,
	"sipm44": 54.84306603031912,
	"sipm45": 67.78145640027918,
	"sipm46": 118.66961631973311,
	"sipm47": 76.85586379949518,
	"sipm48": 58.93744181361453,
	"sipm49": 63.35574317044906,
	"sipm50": 62.32757571035661,
	"sipm51": 58.23537391456611,
	"sipm52": 61.83441562597011,
	"sipm53": 71.63935575821495
}