{
	"sipm0": 81.53711332016807,
	"sipm1": 75.06741322894304,
	"sipm2": 85.13785474734124,
	"sipm3": 84.37882804160104,
	"sipm4": 85.38416882529602,
	"sipm5": 66.93968226976901,
	"sipm6": 73.21534441445012,
	"sipm7": 66.87963074411705,
	"sipm8": 62.5747746697121,
	"sipm9": 64.52185898507443,
	"sipm10": 81.90825346352469,
	"sipm11": 75.83004608356212,
	"sipm12": 74.78211157689218,
	"sipm13": 83.75280104064451,
	"sipm14": 72.21650804128024,
	"sipm15": 87.44396737558546,
	"sipm16": 95.15835651784278,
	"sipm17": 65.44140192031506,
	"sipm18": 90.16093961849322,
	"sipm19": 66.59804105846854,
	"sipm20": 57.537113320168075,
	"sipm21": 68.69612301900915,
	"sipm22": 57.500810431526524,
	"sipm23": 79.59804105846854,
	"sipm24": 69.21127910138807,
	"sipm25": 83.63935575821495,
	"sipm26": 57.500810431526524,
	"sipm27": 80.64648594285659,
	"sipm28": 86.23537391456611,
	"sipm29": 68.93968226976901,
	"sipm30": 72.90825346352469,
	"sipm31": 47.93968226976902,
	"sipm32": 50.69612301900916,
	"sipm33": 63.26354137465856,
	"sipm34": 61.13785474734124,
	"sipm35": 80.69612301900915,
	"sipm36": 72.83441562597011,
	"sipm37": 88.53711332016807,
	"sipm38": 61.68368411600599,
	"sipm39": 64.97799264087398,
	"sipm40": 62.24942807266112,
	"sipm41": 66.49783393910721,
	"sipm42": 56.93968226976901,
	"sipm43": 119.43324175223155,
	"sipm44": 57.97799264087397,
	"sipm45": 83.79277482656923,
	"sipm46": 46.75280104064451,
	"sipm47": 89.50227423227852,
	"sipm48": 67.06440455132645,
	"sipm49": 72.53711332016807,
	"sipm50": 61.53360371610556,
	"sipm51": 64.29057393192772,
	"sipm52": 55.52300081331211,
	"sipm53": 66.35574317044907
}