{
	"sipm0": 69.07669473971862,
	"sipm1": 56.35574317044906,
	"sipm2": 60.216508041280235,
	"sipm3": 48.63935575821494,
	"sipm4": 61.11344528242957,
	"sipm5": 39.91297259243291,
	"sipm6": 51.660599244854005,
	"sipm7": 42.63935575821494,
	"sipm8": 46.84306603031912,
	"sipm9": 71.69612301900915,
	"sipm10": 62.356886246604276,
	"sipm11": 62.06741322894304,
	"sipm12": 56.90825346352469,
	"sipm13": 58.93968226976902,
	"sipm14": 58.06741322894304,
	"sipm15": 38.221260612568685,
	"sipm16": 36.68368411600599,
	"sipm17": 45.3859451777825,
	"sipm18": 72.39890423513643,
	"sipm19": 65.17756571412912,
	"sipm20": 71.64648594285659,
	"sipm21": 56.076694739718626,
	"sipm22": 52.4978339391072,
	"sipm23": 56.937441813614534,
	"sipm24": 54.08721352563864,
	"sipm25": 56.83441562597011,
	"sipm26": 49.8344156259701,
	"sipm27": 59.66326487784528,
	"sipm28": 67.44396737558546,
	"sipm29": 42.93744181361454,
	"sipm30": 60.00713018464164,
	"sipm31": 56.924140619512556,
	"sipm32": 40.57477466971209,
	"sipm33": 50.79277482656922,
	"sipm34": 56.83441562597011,
	"sipm35": 48.49783393910721,
	"sipm36": 65.7814564002792,
	"sipm37": 66.08721352563865,
	"sipm38": 60.500810431526524,
	"sipm39": 64.68368411600599,
	"sipm40": 41.48732285987007,
	"sipm41": 58.087213525638646,
	"sipm42": 32.290573931927725,
	"sipm43": 49.01634241530306,
	"sipm44": 58.37882804160104,
	"sipm45": 54.49501487082412,
	"sipm46": 59.35574317044906,
	"sipm47": 59.01634241530306,
	"sipm48": 65.52300081331211,
	"sipm49": 68.38416882529603,
	"sipm50": 50.98580392018649,
	"sipm51": 64.22126061256867,
	"sipm52": 42.99999999999999,
	"sipm53": 49.75280104064451
}