{
	"sipm0": 62.24027498590212,
	"sipm1": 72.34453295164764,
	"sipm2": 113.09874206842156,
	"sipm3": 64.66577363307744,
	"sipm4": 47.22126061256868,
	"sipm5": 94.21160696994423,
	"sipm6": 51.263541374658544,
	"sipm7": 69.08721352563865,
	"sipm8": 67.53711332016807,
	"sipm9": 66.01634241530306,
	"sipm10": 63.537113320168075,
	"sipm11": 91.34453295164764,
	"sipm12": 64.38416882529603,
	"sipm13": 60.13785474734123,
	"sipm14": 100.32267463902062,
	"sipm15": 44.38416882529602,
	"sipm16": 75.17756571412912,
	"sipm17": 64.68368411600599,
	"sipm18": 75.21127910138807,
	"sipm19": 58.29057393192771,
	"sipm20": 117.19094386421207,
	"sipm21": 41.83441562597011,
	"sipm22": 61.855863799495175,
	"sipm23": 56.28997312755933,
	"sipm24": 53.495014870824114,
	"sipm25": 76.01634241530306,
	"sipm26": 66.35574317044907,
	"sipm27": 121.01276640789212,
	"sipm28": 53.663264877845265,
	"sipm29": 46.113445282429566,
	"sipm30": 65.74850411295945,
	"sipm31": 65.85586379949518,
	"sipm32": 43.93968226976901,
	"sipm33": 37.216508041280235,
	"sipm34": 68.64648594285659,
	"sipm35": 60.290573931927725,
	"sipm36": 108.86385605339768,
	"sipm37": 53.33954063944227,
	"sipm38": 51.11344528242957,
	"sipm39": 67.49783393910721,
	"sipm40": 47.52300081331211,
	"sipm41": 47.537113320168075,
	"sipm42": 44.37882804160104,
	"sipm43": 59.68368411600599,
	"sipm44": 63.830046083562124,
	"sipm45": 60.211279101388065,
	"sipm46": 71.03942728645505,
	"sipm47": 55.8323336229172,
	"sipm48": 107.19584493554807,
	"sipm49": 59.06440455132644,
	"sipm50": 37.75280104064451,
	"sipm51": 38.221260612568685,
	"sipm52": 44.53360371610556,
	"sipm53": 73.79277482656923
}