{
	"sipm0": 49.06741322894304,
	"sipm1": 84.59804105846854,
	"sipm2": 72.63935575821495,
	"sipm3": 58.384168825296015,
	"sipm4": 68.79277482656923,
	"sipm5": 88.33954063944228,
	"sipm6": 75.99509892866399,
	"sipm7": 65.79277482656923,
	"sipm8": 47.977992640873964,
	"sipm9": 84.51695791373842,
	"sipm10": 78.08721352563865,
	"sipm11": 81.66577363307744,
	"sipm12": 59.08721352563864,
	"sipm13": 61.06440455132645,
	"sipm14": 46.356886246604276,
	"sipm15": 52.249428072661125,
	"sipm16": 60.90825346352469,
	"sipm17": 67.9858039201865,
	"sipm18": 58.59804105846853,
	"sipm19": 75.64648594285659,
	"sipm20": 83.83004608356214,
	"sipm21": 63.75280104064451,
	"sipm22": 66.06440455132645,
	"sipm23": 69.38416882529603,
	"sipm24": 49.17618262819691,
	"sipm25": 41.49783393910721,
	"sipm26": 48.683684116006,
	"sipm27": 96.32959861247399,
	"sipm28": 60.52300081331211,
	"sipm29": 46.356886246604276,
	"sipm30": 62.221260612568685,
	"sipm31": 69.06440455132645,
	"sipm32": 58.23537391456611,
	"sipm33": 56.44396737558547,
	"sipm34": 106.3909388549164,
	"sipm35": 57.124306245489734,
	"sipm36": 94.02531398445763,
	"sipm37": 64.8323336229172,
	"sipm38": 80.22126061256868,
	"sipm39": 77.59804105846854,
	"sipm40": 42.75280104064451,
	"sipm41": 44.22126061256867,
	"sipm42": 62.441401920315066,
	"sipm43": 35.44140192031506,
	"sipm44": 44.521858985074424,
	"sipm45": 85.06741322894304,
	"sipm46": 81.75280104064453,
	"sipm47": 94.96693146857156,
	"sipm48": 84.01634241530307,
	"sipm49": 61.06440455132645,
	"sipm50": 68.08721352563865,
	"sipm51": 68.69612301900915,
	"sipm52": 55.75280104064451,
	"sipm53": 51.843066030319136
}