{
	"sipm0": 77.66326487784526,
	"sipm1": 64.23537391456611,
	"sipm2": 83.995098928664,
	"sipm3": 84.10854421109357,
	"sipm4": 72.01827066152035,
	"sipm5": 77.13509923742507,
	"sipm6": 81.01634241530307,
	"sipm7": 64.2153444144501,
	"sipm8": 78.99509892866399,
	"sipm9": 53.70866138087739,
	"sipm10": 69.63935575821495,
	"sipm11": 67.49501487082412,
	"sipm12": 115.42693260476614,
	"sipm13": 64.30853920179791,
	"sipm14": 75.35574317044906,
	"sipm15": 62.216508041280235,
	"sipm16": 71.02531398445763,
	"sipm17": 62.42323287904878,
	"sipm18": 95.54440002898608,
	"sipm19": 82.85586379949518,
	"sipm20": 72.26354137465856,
	"sipm21": 78.18688122912451,
	"sipm22": 53.33954063944227,
	"sipm23": 90.49501487082412,
	"sipm24": 67.47235443115123,
	"sipm25": 56.502274232278516,
	"sipm26": 67.23537391456611,
	"sipm27": 85.79277482656923,
	"sipm28": 67.49783393910721,
	"sipm29": 71.75259748174649,
	"sipm30": 63.22126061256868,
	"sipm31": 67.06440455132645,
	"sipm32": 65.49783393910722,
	"sipm33": 54.216508041280235,
	"sipm34": 64.17295947432049,
	"sipm35": 59.91297259243291,
	"sipm36": 83.39215679885945,
	"sipm37": 93.655698173518,
	"sipm38": 74.0,
	"sipm39": 62.53360371610556,
	"sipm40": 52.78145640027918,
	"sipm41": 64.97799264087398,
	"sipm42": 71.90825346352469,
	"sipm43": 72.92414061951257,
	"sipm44": 71.23537391456611,
	"sipm45": 112.14680420444495,
	"sipm46": 71.37882804160103,
	"sipm47": 78.83004608356214,
	"sipm48": 77.93968226976902,
	"sipm49": 79.49501487082412,
	"sipm50": 61.780802675461054,
	"sipm51": 64.54440002898609,
	"sipm52": 77.52300081331211,
	"sipm53": 73.99509892866399
}