{
	"sipm0": 70.21650804128024,
	"sipm1": 53.9858039201865,
	"sipm2": 73.97799264087396,
	"sipm3": 82.29057393192772,
	"sipm4": 80.29057393192772,
	"sipm5": 64.83004608356212,
	"sipm6": 53.683684116006,
	"sipm7": 68.79277482656923,
	"sipm8": 79.06741322894304,
	"sipm9": 74.21650804128024,
	"sipm10": 55.07669473971862,
	"sipm11": 74.35574317044906,
	"sipm12": 84.50227423227852,
	"sipm13": 60.37882804160103,
	"sipm14": 58.35688624660429,
	"sipm15": 50.646485942856586,
	"sipm16": 69.59804105846854,
	"sipm17": 53.385945177782496,
	"sipm18": 56.23537391456611,
	"sipm19": 59.9858039201865,
	"sipm20": 52.78211157689218,
	"sipm21": 74.21650804128024,
	"sipm22": 58.35688624660429,
	"sipm23": 72.91297259243291,
	"sipm24": 50.924140619512556,
	"sipm25": 59.21127910138807,
	"sipm26": 71.13785474734124,
	"sipm27": 86.33954063944228,
	"sipm28": 53.38416882529602,
	"sipm29": 74.33954063944226,
	"sipm30": 79.00222911330565,
	"sipm31": 60.85586379949518,
	"sipm32": 72.35688624660429,
	"sipm33": 73.23537391456611,
	"sipm34": 82.49783393910721,
	"sipm35": 67.32757571035661,
	"sipm36": 64.53360371610556,
	"sipm37": 77.53360371610556,
	"sipm38": 54.646485942856586,
	"sipm39": 65.69612301900915,
	"sipm40": 61.35574317044906,
	"sipm41": 72.79874478889448,
	"sipm42": 44.21127910138807,
	"sipm43": 41.443967375585466,
	"sipm44": 56.7086613808774,
	"sipm45": 88.06440455132645,
	"sipm46": 57.68368411600599,
	"sipm47": 73.3859451777825,
	"sipm48": 70.68368411600599,
	"sipm49": 73.63935575821495,
	"sipm50": 79.83004608356214,
	"sipm51": 63.79277482656923,
	"sipm52": 84.35688624660429,
	"sipm53": 70.69612301900915
}