{
	"sipm0": 71.69612301900915,
	"sipm1": 49.830046083562124,
	"sipm2": 56.076694739718626,
	"sipm3": 65.90825346352469,
	"sipm4": 61.39215679885946,
	"sipm5": 49.79874478889448,
	"sipm6": 50.63935575821494,
	"sipm7": 43.495014870824114,
	"sipm8": 44.21650804128023,
	"sipm9": 80.03942728645507,
	"sipm10": 41.78145640027919,
	"sipm11": 103.58957495673303,
	"sipm12": 43.66610445984095,
	"sipm13": 50.63935575821494,
	"sipm14": 53.64648594285657,
	"sipm15": 55.9077982042095,
	"sipm16": 52.80157246920262,
	"sipm17": 48.33954063944227,
	"sipm18": 58.21127910138807,
	"sipm19": 54.113445282429566,
	"sipm20": 44.2153444144501,
	"sipm21": 55.23537391456612,
	"sipm22": 51.44396737558546,
	"sipm23": 33.63935575821495,
	"sipm24": 52.113445282429566,
	"sipm25": 40.63935575821494,
	"sipm26": 41.26354137465855,
	"sipm27": 59.93744181361453,
	"sipm28": 47.651741598211515,
	"sipm29": 54.03942728645505,
	"sipm30": 75.04432835779106,
	"sipm31": 52.9858039201865,
	"sipm32": 51.50227423227852,
	"sipm33": 45.78921335085956,
	"sipm34": 37.9858039201865,
	"sipm35": 49.939682269769015,
	"sipm36": 42.602942129804546,
	"sipm37": 47.977992640873964,
	"sipm38": 45.344532951647636,
	"sipm39": 48.3085392017979,
	"sipm40": 53.855863799495175,
	"sipm41": 36.32959861247397,
	"sipm42": 41.26354137465855,
	"sipm43": 56.38416882529602,
	"sipm44": 58.06440455132645,
	"sipm45": 56.83441562597011,
	"sipm46": 70.21650804128024,
	"sipm47": 55.087213525638646,
	"sipm48": 53.044328357791045,
	"sipm49": 60.37882804160103,
	"sipm50": 52.35574317044906,
	"sipm51": 63.79874478889449,
	"sipm52": 43.66059924485401,
	"sipm53": 22.5747746697121
}