{
	"sipm0": 60.646485942856586,
	"sipm1": 47.602942129804546,
	"sipm2": 65.23537391456611,
	"sipm3": 62.21127910138807,
	"sipm4": 59.92414061951256,
	"sipm5": 53.23537391456611,
	"sipm6": 57.68368411600599,
	"sipm7": 58.50227423227852,
	"sipm8": 76.13785474734124,
	"sipm9": 70.9858039201865,
	"sipm10": 71.99509892866399,
	"sipm11": 45.92805778675563,
	"sipm12": 78.28997312755934,
	"sipm13": 81.66577363307744,
	"sipm14": 61.51695791373842,
	"sipm15": 58.98580392018649,
	"sipm16": 69.17756571412912,
	"sipm17": 58.495014870824114,
	"sipm18": 59.01634241530306,
	"sipm19": 72.83441562597011,
	"sipm20": 66.17756571412912,
	"sipm21": 79.83233362291719,
	"sipm22": 76.75280104064451,
	"sipm23": 73.66577363307742,
	"sipm24": 56.22126061256867,
	"sipm25": 68.00222911330565,
	"sipm26": 63.75280104064451,
	"sipm27": 91.1729594743205,
	"sipm28": 74.33954063944226,
	"sipm29": 66.51695791373842,
	"sipm30": 47.44140192031506,
	"sipm31": 52.00713018464164,
	"sipm32": 69.84306603031912,
	"sipm33": 60.16093961849322,
	"sipm34": 58.44396737558546,
	"sipm35": 47.160939618493224,
	"sipm36": 70.13785474734124,
	"sipm37": 50.83441562597011,
	"sipm38": 74.33954063944226,
	"sipm39": 54.90825346352468,
	"sipm40": 75.90825346352469,
	"sipm41": 75.01634241530306,
	"sipm42": 48.06741322894304,
	"sipm43": 60.626027000956526,
	"sipm44": 55.38416882529603,
	"sipm45": 83.51695791373842,
	"sipm46": 80.22126061256868,
	"sipm47": 60.495014870824114,
	"sipm48": 69.23537391456611,
	"sipm49": 59.53711332016807,
	"sipm50": 54.59804105846854,
	"sipm51": 66.83441562597011,
	"sipm52": 57.01634241530307,
	"sipm53": 46.66326487784526
}