{
	"sipm0": 88.69612301900915,
	"sipm1": 69.01634241530306,
	"sipm2": 66.79277482656923,
	"sipm3": 67.06440455132645,
	"sipm4": 82.79277482656923,
	"sipm5": 86.995098928664,
	"sipm6": 49.92414061951256,
	"sipm7": 77.59804105846854,
	"sipm8": 54.855863799495175,
	"sipm9": 70.00222911330565,
	"sipm10": 66.50081043152653,
	"sipm11": 79.50227423227852,
	"sipm12": 84.66577363307744,
	"sipm13": 75.35574317044906,
	"sipm14": 74.93968226976901,
	"sipm15": 78.75280104064451,
	"sipm16": 52.66577363307742,
	"sipm17": 52.85586379949518,
	"sipm18": 110.31777356768461,
	"sipm19": 71.17756571412912,
	"sipm20": 62.99509892866399,
	"sipm21": 61.443967375585466,
	"sipm22": 48.59804105846853,
	"sipm23": 67.23537391456611,
	"sipm24": 76.79277482656923,
	"sipm25": 68.50081043152652,
	"sipm26": 65.85586379949518,
	"sipm27": 72.7086613808774,
	"sipm28": 70.38594517778249,
	"sipm29": 69.08721352563865,
	"sipm30": 66.90825346352469,
	"sipm31": 81.59804105846854,
	"sipm32": 70.16093961849322,
	"sipm33": 46.68368411600599,
	"sipm34": 67.37882804160104,
	"sipm35": 74.93968226976901,
	"sipm36": 70.69612301900915,
	"sipm37": 75.29057393192772,
	"sipm38": 76.23537391456611,
	"sipm39": 82.52300081331211,
	"sipm40": 76.21127910138807,
	"sipm41": 74.35688624660429,
	"sipm42": 78.49501487082412,
	"sipm43": 75.38416882529603,
	"sipm44": 43.56987359837609,
	"sipm45": 67.70866138087739,
	"sipm46": 68.35688624660429,
	"sipm47": 48.97799264087397,
	"sipm48": 67.63935575821495,
	"sipm49": 68.78145640027918,
	"sipm50": 72.13785474734124,
	"sipm51": 52.79277482656923,
	"sipm52": 64.66326487784526,
	"sipm53": 111.83520069376301
}