{
	"sipm0": 59.52185898507443,
	"sipm1": 62.50081043152653,
	"sipm2": 52.85586379949518,
	"sipm3": 67.59804105846854,
	"sipm4": 62.70866138087739,
	"sipm5": 75.50081043152653,
	"sipm6": 74.21650804128024,
	"sipm7": 56.52185898507443,
	"sipm8": 60.249428072661125,
	"sipm9": 77.35688624660429,
	"sipm10": 63.06440455132645,
	"sipm11": 58.07669473971863,
	"sipm12": 85.50227423227852,
	"sipm13": 75.78145640027918,
	"sipm14": 111.22025440045972,
	"sipm15": 73.78145640027918,
	"sipm16": 69.00713018464165,
	"sipm17": 46.50081043152653,
	"sipm18": 58.49783393910722,
	"sipm19": 77.06440455132645,
	"sipm20": 69.37882804160105,
	"sipm21": 67.9858039201865,
	"sipm22": 47.35574317044906,
	"sipm23": 108.01984146673303,
	"sipm24": 62.84306603031912,
	"sipm25": 55.66059924485401,
	"sipm26": 77.83441562597011,
	"sipm27": 68.90825346352469,
	"sipm28": 82.49783393910721,
	"sipm29": 67.23537391456611,
	"sipm30": 71.17756571412912,
	"sipm31": 75.83441562597011,
	"sipm32": 52.912972592432894,
	"sipm33": 70.9858039201865,
	"sipm34": 66.78211157689218,
	"sipm35": 66.21127910138807,
	"sipm36": 82.44140192031506,
	"sipm37": 71.66059924485401,
	"sipm38": 66.75271384182867,
	"sipm39": 74.53360371610557,
	"sipm40": 75.78145640027918,
	"sipm41": 68.79277482656923,
	"sipm42": 67.13785474734124,
	"sipm43": 113.09874206842156,
	"sipm44": 46.1729594743205,
	"sipm45": 68.13785474734124,
	"sipm46": 43.37426098222165,
	"sipm47": 53.53360371610557,
	"sipm48": 59.93744181361453,
	"sipm49": 60.3924601071849,
	"sipm50": 42.99999999999999,
	"sipm51": 47.8323336229172,
	"sipm52": 53.35688624660429,
	"sipm53": 67.83441562597011
}