{
	"sipm0": 67.04432835779104,
	"sipm1": 54.38594517778249,
	"sipm2": 62.68368411600599,
	"sipm3": 48.216508041280235,
	"sipm4": 64.38416882529603,
	"sipm5": 39.651741598211515,
	"sipm6": 51.79874478889448,
	"sipm7": 40.57477466971209,
	"sipm8": 46.5747746697121,
	"sipm9": 67.21650804128024,
	"sipm10": 59.651741598211515,
	"sipm11": 60.79874478889449,
	"sipm12": 53.78145640027919,
	"sipm13": 55.70866138087739,
	"sipm14": 57.63935575821494,
	"sipm15": 35.06741322894305,
	"sipm16": 31.26354137465856,
	"sipm17": 43.52185898507444,
	"sipm18": 62.216508041280235,
	"sipm19": 59.66059924485401,
	"sipm20": 70.35688624660429,
	"sipm21": 52.37426098222166,
	"sipm22": 49.392460107184895,
	"sipm23": 55.70866138087739,
	"sipm24": 49.78211157689217,
	"sipm25": 51.9129725924329,
	"sipm26": 45.84306603031912,
	"sipm27": 50.52185898507444,
	"sipm28": 65.21127910138807,
	"sipm29": 43.49783393910721,
	"sipm30": 60.3924601071849,
	"sipm31": 52.499915942160115,
	"sipm32": 39.26354137465856,
	"sipm33": 50.211279101388065,
	"sipm34": 53.93744181361453,
	"sipm35": 45.65174159821152,
	"sipm36": 62.52185898507444,
	"sipm37": 65.35574317044906,
	"sipm38": 55.626027000956526,
	"sipm39": 64.53360371610556,
	"sipm40": 46.176182628196905,
	"sipm41": 56.216508041280235,
	"sipm42": 30.500810431526517,
	"sipm43": 45.067413228943025,
	"sipm44": 55.500810431526524,
	"sipm45": 48.63935575821494,
	"sipm46": 55.782111576892184,
	"sipm47": 51.651741598211515,
	"sipm48": 65.66059924485401,
	"sipm49": 65.24942807266112,
	"sipm50": 46.04432835779105,
	"sipm51": 58.176182628196905,
	"sipm52": 43.124306245489734,
	"sipm53": 50.37882804160104
}