{
	"sipm0": 60.211279101388065,
	"sipm1": 51.52185898507443,
	"sipm2": 62.113445282429566,
	"sipm3": 60.79874478889449,
	"sipm4": 56.9129725924329,
	"sipm5": 49.17618262819691,
	"sipm6": 54.5230008133121,
	"sipm7": 54.792774826569236,
	"sipm8": 74.06741322894302,
	"sipm9": 69.93968226976901,
	"sipm10": 66.92414061951257,
	"sipm11": 36.3859451777825,
	"sipm12": 70.79277482656923,
	"sipm13": 75.52300081331211,
	"sipm14": 57.443967375585466,
	"sipm15": 57.06741322894304,
	"sipm16": 57.95212656200055,
	"sipm17": 52.63935575821494,
	"sipm18": 53.93744181361453,
	"sipm19": 71.06741322894302,
	"sipm20": 62.06741322894304,
	"sipm21": 77.37882804160104,
	"sipm22": 74.50081043152653,
	"sipm23": 66.7086613808774,
	"sipm24": 52.076694739718626,
	"sipm25": 62.50081043152653,
	"sipm26": 60.216508041280235,
	"sipm27": 90.32757571035661,
	"sipm28": 69.35688624660428,
	"sipm29": 58.66059924485401,
	"sipm30": 47.977992640873964,
	"sipm31": 52.392460107184895,
	"sipm32": 73.23537391456611,
	"sipm33": 60.495014870824114,
	"sipm34": 55.4978339391072,
	"sipm35": 46.50227423227852,
	"sipm36": 67.92414061951257,
	"sipm37": 49.06741322894304,
	"sipm38": 69.92414061951257,
	"sipm39": 51.216508041280235,
	"sipm40": 74.53360371610557,
	"sipm41": 71.21127910138807,
	"sipm42": 48.35574317044906,
	"sipm43": 62.3085392017979,
	"sipm44": 52.3859451777825,
	"sipm45": 80.85586379949518,
	"sipm46": 77.06741322894304,
	"sipm47": 54.63935575821495,
	"sipm48": 66.24942807266112,
	"sipm49": 57.384168825296015,
	"sipm50": 50.79874478889449,
	"sipm51": 67.90825346352469,
	"sipm52": 51.385945177782496,
	"sipm53": 40.216508041280235
}