{
	"sipm0": 56.90081508685371,
	"sipm1": 61.07669473971863,
	"sipm2": 50.83441562597011,
	"sipm3": 62.977992640873964,
	"sipm4": 59.14209076865815,
	"sipm5": 71.26354137465856,
	"sipm6": 71.13509923742508,
	"sipm7": 54.87613691497115,
	"sipm8": 56.02124348663907,
	"sipm9": 76.79874478889448,
	"sipm10": 59.78145640027918,
	"sipm11": 56.97799264087398,
	"sipm12": 80.63935575821495,
	"sipm13": 73.04432835779104,
	"sipm14": 100.32267463902062,
	"sipm15": 74.21127910138807,
	"sipm16": 67.75271384182867,
	"sipm17": 43.70866138087739,
	"sipm18": 57.38594517778249,
	"sipm19": 71.7086613808774,
	"sipm20": 66.79277482656923,
	"sipm21": 64.7987447888945,
	"sipm22": 41.02124348663907,
	"sipm23": 113.09874206842156,
	"sipm24": 60.249058833931436,
	"sipm25": 55.113445282429566,
	"sipm26": 75.35688624660429,
	"sipm27": 62.007130184641646,
	"sipm28": 78.24905883393143,
	"sipm29": 68.44396737558547,
	"sipm30": 70.85586379949518,
	"sipm31": 69.37426098222164,
	"sipm32": 52.392460107184895,
	"sipm33": 66.84306603031912,
	"sipm34": 64.87613691497114,
	"sipm35": 64.24942807266113,
	"sipm36": 78.42323287904878,
	"sipm37": 71.3859451777825,
	"sipm38": 66.2633598570541,
	"sipm39": 66.78080267546105,
	"sipm40": 73.97799264087396,
	"sipm41": 64.65174159821152,
	"sipm42": 61.392460107184895,
	"sipm43": 116.83090376607795,
	"sipm44": 36.651741598211515,
	"sipm45": 65.63935575821495,
	"sipm46": 43.49991594216012,
	"sipm47": 51.78145640027919,
	"sipm48": 58.3085392017979,
	"sipm49": 60.26354137465856,
	"sipm50": 41.9008150868537,
	"sipm51": 44.75280104064451,
	"sipm52": 51.977992640873985,
	"sipm53": 62.52185898507444
}