{
	"sipm0": 69.79874478889448,
	"sipm1": 51.92414061951256,
	"sipm2": 74.3859451777825,
	"sipm3": 77.70866138087739,
	"sipm4": 75.04432835779106,
	"sipm5": 60.35574317044906,
	"sipm6": 48.78211157689218,
	"sipm7": 65.7086613808774,
	"sipm8": 75.00713018464164,
	"sipm9": 75.64648594285659,
	"sipm10": 52.65174159821151,
	"sipm11": 73.07669473971863,
	"sipm12": 76.65174159821152,
	"sipm13": 56.076694739718626,
	"sipm14": 55.26354137465856,
	"sipm15": 48.5230008133121,
	"sipm16": 66.21650804128024,
	"sipm17": 54.78145640027919,
	"sipm18": 53.385945177782496,
	"sipm19": 58.93968226976902,
	"sipm20": 54.660599244854005,
	"sipm21": 74.35688624660429,
	"sipm22": 58.63935575821495,
	"sipm23": 73.44140192031506,
	"sipm24": 50.4978339391072,
	"sipm25": 56.5747746697121,
	"sipm26": 66.7086613808774,
	"sipm27": 80.24942807266112,
	"sipm28": 52.79277482656923,
	"sipm29": 72.59804105846854,
	"sipm30": 67.87613691497114,
	"sipm31": 56.63935575821493,
	"sipm32": 75.13785474734124,
	"sipm33": 72.50081043152653,
	"sipm34": 81.11344528242958,
	"sipm35": 62.21127910138807,
	"sipm36": 61.79874478889448,
	"sipm37": 73.1761826281969,
	"sipm38": 52.3859451777825,
	"sipm39": 61.63935575821495,
	"sipm40": 55.2633598570541,
	"sipm41": 68.87613691497114,
	"sipm42": 43.35688624660429,
	"sipm43": 37.93744181361453,
	"sipm44": 57.249428072661125,
	"sipm45": 85.50081043152653,
	"sipm46": 54.79874478889448,
	"sipm47": 74.49783393910721,
	"sipm48": 71.13785474734124,
	"sipm49": 70.3924601071849,
	"sipm50": 72.17618262819691,
	"sipm51": 60.84306603031913,
	"sipm52": 82.97799264087398,
	"sipm53": 67.35574317044906
}