{
	"sipm0": 72.29057393192772,
	"sipm1": 57.38594517778249,
	"sipm2": 59.651741598211515,
	"sipm3": 61.78145640027919,
	"sipm4": 62.044328357791045,
	"sipm5": 74.90081508685371,
	"sipm6": 72.21650804128024,
	"sipm7": 71.04432835779104,
	"sipm8": 44.985803920186484,
	"sipm9": 65.83004608356212,
	"sipm10": 72.52185898507443,
	"sipm11": 55.04432835779106,
	"sipm12": 78.06741322894304,
	"sipm13": 51.356886246604276,
	"sipm14": 66.7525974817465,
	"sipm15": 60.35688624660428,
	"sipm16": 55.3924601071849,
	"sipm17": 58.29057393192771,
	"sipm18": 40.70866138087739,
	"sipm19": 73.21127910138807,
	"sipm20": 55.9858039201865,
	"sipm21": 72.53360371610556,
	"sipm22": 75.49783393910721,
	"sipm23": 45.5747746697121,
	"sipm24": 61.04432835779105,
	"sipm25": 39.23537391456611,
	"sipm26": 67.23537391456611,
	"sipm27": 70.44140192031506,
	"sipm28": 123.96247520414222,
	"sipm29": 51.04432835779105,
	"sipm30": 56.216508041280235,
	"sipm31": 65.68368411600599,
	"sipm32": 57.08721352563863,
	"sipm33": 70.91297259243291,
	"sipm34": 64.3859451777825,
	"sipm35": 67.78145640027918,
	"sipm36": 70.30853920179791,
	"sipm37": 130.7395739759491,
	"sipm38": 56.385945177782496,
	"sipm39": 57.798744788894496,
	"sipm40": 53.90825346352467,
	"sipm41": 46.708661380877395,
	"sipm42": 74.7086613808774,
	"sipm43": 53.44396737558546,
	"sipm44": 65.91297259243291,
	"sipm45": 54.79874478889448,
	"sipm46": 57.07669473971863,
	"sipm47": 54.792774826569236,
	"sipm48": 76.11344528242957,
	"sipm49": 73.3859451777825,
	"sipm50": 57.06440455132645,
	"sipm51": 68.62972766543433,
	"sipm52": 65.07669473971863,
	"sipm53": 72.17756571412912
}