{
	"sipm0": 53.718947441423175,
	"sipm1": 125.76774143604153,
	"sipm2": -27.538772305280474,
	"sipm3": 87.29057393192772,
	"sipm4": 69.21127910138807,
	"sipm5": 75.79277482656923,
	"sipm6": 74.35574317044906,
	"sipm7": 61.17618262819691,
	"sipm8": 74.44140192031506,
	"sipm9": 70.78211157689218,
	"sipm10": 78.08721352563865,
	"sipm11": 50.39246010718491,
	"sipm12": 58.24942807266112,
	"sipm13": 73.70866138087739,
	"sipm14": 63.06440455132645,
	"sipm15": 58.65174159821152,
	"sipm16": 67.52300081331211,
	"sipm17": 70.30853920179791,
	"sipm18": 69.91297259243291,
	"sipm19": 53.843066030319115,
	"sipm20": 65.24942807266112,
	"sipm21": 77.63935575821495,
	"sipm22": 67.2633598570541,
	"sipm23": 66.78145640027918,
	"sipm24": 51.660599244854005,
	"sipm25": 65.5747746697121,
	"sipm26": 58.834415625970095,
	"sipm27": 55.176182628196905,
	"sipm28": 62.06741322894304,
	"sipm29": 105.86451123001068,
	"sipm30": 137.18114172154006,
	"sipm31": 70.50081043152653,
	"sipm32": 58.5747746697121,
	"sipm33": 50.13785474734123,
	"sipm34": 56.75271384182866,
	"sipm35": 56.11344528242957,
	"sipm36": 58.87963074411706,
	"sipm37": 45.97799264087397,
	"sipm38": 59.076694739718626,
	"sipm39": 58.29057393192771,
	"sipm40": 71.93968226976901,
	"sipm41": 62.21127910138807,
	"sipm42": 44.12430624548973,
	"sipm43": 48.79277482656922,
	"sipm44": 54.84306603031912,
	"sipm45": 66.66059924485401,
	"sipm46": 113.42194029256076,
	"sipm47": 72.35688624660429,
	"sipm48": 55.7525974817465,
	"sipm49": 60.3085392017979,
	"sipm50": 54.44140192031506,
	"sipm51": 56.076694739718626,
	"sipm52": 58.38594517778249,
	"sipm53": 64.02865535963467
}