{
	"sipm0": 82.44140192031506,
	"sipm1": 63.79874478889449,
	"sipm2": 63.04432835779105,
	"sipm3": 63.92414061951257,
	"sipm4": 80.93744181361453,
	"sipm5": 79.70866138087739,
	"sipm6": 48.113445282429566,
	"sipm7": 75.06741322894304,
	"sipm8": 52.08721352563863,
	"sipm9": 63.21650804128024,
	"sipm10": 67.23537391456611,
	"sipm11": 74.21650804128024,
	"sipm12": 77.70866138087739,
	"sipm13": 77.13785474734124,
	"sipm14": 75.9858039201865,
	"sipm15": 76.21127910138807,
	"sipm16": 51.53711332016807,
	"sipm17": 52.69612301900915,
	"sipm18": 102.15170527578096,
	"sipm19": 69.29057393192772,
	"sipm20": 62.01634241530307,
	"sipm21": 59.06741322894304,
	"sipm22": 42.00713018464164,
	"sipm23": 67.83441562597011,
	"sipm24": 73.04432835779104,
	"sipm25": 67.07669473971862,
	"sipm26": 65.06440455132645,
	"sipm27": 71.91297259243291,
	"sipm28": 69.44140192031506,
	"sipm29": 66.52300081331211,
	"sipm30": 61.17618262819691,
	"sipm31": 75.52185898507443,
	"sipm32": 67.29057393192772,
	"sipm33": 45.93968226976901,
	"sipm34": 64.35574317044906,
	"sipm35": 72.93744181361453,
	"sipm36": 61.38505370669672,
	"sipm37": 72.21650804128024,
	"sipm38": 74.35688624660429,
	"sipm39": 82.11344528242957,
	"sipm40": 75.63935575821495,
	"sipm41": 72.5747746697121,
	"sipm42": 71.52300081331211,
	"sipm43": 71.5747746697121,
	"sipm44": 37.83441562597011,
	"sipm45": 65.49991594216011,
	"sipm46": 63.87613691497114,
	"sipm47": 47.651741598211515,
	"sipm48": 66.3859451777825,
	"sipm49": 67.66059924485401,
	"sipm50": 68.79874478889448,
	"sipm51": 54.290573931927725,
	"sipm52": 58.63935575821495,
	"sipm53": 104.58231559527862
}