{
	"sipm0": 54.660599244854005,
	"sipm1": 57.50227423227851,
	"sipm2": 54.92414061951256,
	"sipm3": 64.78211157689218,
	"sipm4": 86.08721352563865,
	"sipm5": 63.79874478889449,
	"sipm6": 67.3085392017979,
	"sipm7": 50.65174159821152,
	"sipm8": 74.33954063944226,
	"sipm9": 80.29057393192772,
	"sipm10": 77.44140192031506,
	"sipm11": 68.92414061951257,
	"sipm12": 74.87963074411705,
	"sipm13": 61.263541374658544,
	"sipm14": 43.07669473971863,
	"sipm15": 46.08721352563863,
	"sipm16": 68.06440455132645,
	"sipm17": 72.24905883393143,
	"sipm18": 77.38416882529602,
	"sipm19": 63.79874478889449,
	"sipm20": 75.35574317044906,
	"sipm21": 48.216508041280235,
	"sipm22": 58.02124348663907,
	"sipm23": 52.249428072661125,
	"sipm24": 54.52185898507443,
	"sipm25": 64.53711332016806,
	"sipm26": 40.044328357791045,
	"sipm27": 74.50717530361453,
	"sipm28": 68.53711332016807,
	"sipm29": 79.35688624660429,
	"sipm30": 68.21650804128024,
	"sipm31": 44.356886246604276,
	"sipm32": 75.21650804128024,
	"sipm33": 54.91297259243291,
	"sipm34": 61.21650804128024,
	"sipm35": 115.77264250737754,
	"sipm36": 72.3859451777825,
	"sipm37": 80.49991594216013,
	"sipm38": 70.53360371610557,
	"sipm39": 47.113445282429566,
	"sipm40": 71.07669473971863,
	"sipm41": 54.97799264087398,
	"sipm42": 76.63935575821495,
	"sipm43": 50.4978339391072,
	"sipm44": 66.06930562266245,
	"sipm45": 81.06741322894304,
	"sipm46": 72.26354137465856,
	"sipm47": 47.8344156259701,
	"sipm48": 47.38594517778249,
	"sipm49": 63.22126061256868,
	"sipm50": 57.798744788894496,
	"sipm51": 61.02124348663908,
	"sipm52": 47.57847290862292,
	"sipm53": 50.63935575821494
}