{
	"sipm0": 65.78211157689218,
	"sipm1": 86.69612301900915,
	"sipm2": 47.500810431526524,
	"sipm3": 83.92414061951257,
	"sipm4": 53.29057393192772,
	"sipm5": 79.78145640027918,
	"sipm6": 76.17618262819691,
	"sipm7": 58.64648594285659,
	"sipm8": 63.21127910138807,
	"sipm9": 68.22126061256867,
	"sipm10": 84.93968226976901,
	"sipm11": 47.113445282429566,
	"sipm12": 80.07669473971863,
	"sipm13": 50.08721352563863,
	"sipm14": 50.53711332016808,
	"sipm15": 75.1761826281969,
	"sipm16": 46.135099237425074,
	"sipm17": 50.57477466971209,
	"sipm18": 80.53360371610557,
	"sipm19": 77.78211157689218,
	"sipm20": 58.50227423227852,
	"sipm21": 76.06741322894302,
	"sipm22": 57.11344528242958,
	"sipm23": 61.54201439150407,
	"sipm24": 61.53360371610556,
	"sipm25": 59.78145640027918,
	"sipm26": 69.70866138087739,
	"sipm27": 59.69024285425904,
	"sipm28": 69.24942807266112,
	"sipm29": 52.574774669712106,
	"sipm30": 51.977992640873985,
	"sipm31": 68.68368411600599,
	"sipm32": 61.646485942856586,
	"sipm33": 44.21650804128023,
	"sipm34": 41.835341381277125,
	"sipm35": 46.176182628196905,
	"sipm36": 64.78211157689218,
	"sipm37": 86.85586379949518,
	"sipm38": 55.3924601071849,
	"sipm39": 73.07669473971863,
	"sipm40": 48.683684116006,
	"sipm41": 77.11344528242958,
	"sipm42": 67.48732285987006,
	"sipm43": 54.792774826569236,
	"sipm44": 72.64648594285659,
	"sipm45": 86.53360371610556,
	"sipm46": 58.87963074411706,
	"sipm47": 73.11344528242958,
	"sipm48": 65.65174159821152,
	"sipm49": 60.87963074411705,
	"sipm50": 63.63935575821495,
	"sipm51": 61.75280104064451,
	"sipm52": 71.00713018464164,
	"sipm53": 79.59804105846854
}