{
	"sipm0": 63.62602700095652,
	"sipm1": 73.5747746697121,
	"sipm2": 61.06741322894303,
	"sipm3": 70.11344528242957,
	"sipm4": 71.53360371610556,
	"sipm5": 65.93968226976901,
	"sipm6": 68.50081043152652,
	"sipm7": 51.06440455132644,
	"sipm8": 65.50717530361453,
	"sipm9": 90.66326487784526,
	"sipm10": 67.75280104064451,
	"sipm11": 64.17618262819691,
	"sipm12": 68.04432835779104,
	"sipm13": 89.17756571412912,
	"sipm14": 76.84306603031914,
	"sipm15": 74.08721352563865,
	"sipm16": 72.24942807266112,
	"sipm17": 52.93744181361454,
	"sipm18": 69.79277482656923,
	"sipm19": 56.7086613808774,
	"sipm20": 64.68368411600599,
	"sipm21": 69.13509923742508,
	"sipm22": 64.02124348663907,
	"sipm23": 61.66059924485401,
	"sipm24": 110.31777356768461,
	"sipm25": 68.78211157689218,
	"sipm26": 66.44140192031506,
	"sipm27": 79.53360371610557,
	"sipm28": 87.90825346352469,
	"sipm29": 68.97799264087396,
	"sipm30": 61.53360371610556,
	"sipm31": 120.21402873536405,
	"sipm32": 61.06741322894303,
	"sipm33": 55.84306603031913,
	"sipm34": 62.50081043152653,
	"sipm35": 50.4978339391072,
	"sipm36": 76.75280104064451,
	"sipm37": 66.12430624548972,
	"sipm38": 88.85586379949518,
	"sipm39": 72.68368411600599,
	"sipm40": 52.87963074411705,
	"sipm41": 58.66059924485401,
	"sipm42": 56.78211157689218,
	"sipm43": 64.3859451777825,
	"sipm44": 65.50081043152653,
	"sipm45": 72.13785474734124,
	"sipm46": 85.64648594285659,
	"sipm47": 64.93744181361453,
	"sipm48": 73.35574317044907,
	"sipm49": 63.92414061951257,
	"sipm50": 64.93968226976901,
	"sipm51": 50.97799264087397,
	"sipm52": 59.04432835779106,
	"sipm53": 55.63935575821493
}