{
	"sipm0": 47.75271384182865,
	"sipm1": 74.79277482656923,
	"sipm2": 78.06741322894304,
	"sipm3": 91.00222911330565,
	"sipm4": 88.69612301900915,
	"sipm5": 70.52300081331211,
	"sipm6": 70.2633598570541,
	"sipm7": 62.13509923742508,
	"sipm8": 43.35688624660429,
	"sipm9": 105.34594102777704,
	"sipm10": 62.78145640027918,
	"sipm11": 75.11344528242958,
	"sipm12": 64.00713018464164,
	"sipm13": 89.50227423227852,
	"sipm14": 46.79277482656923,
	"sipm15": 69.30853920179791,
	"sipm16": 28.14209076865815,
	"sipm17": 43.66059924485401,
	"sipm18": 62.792774826569236,
	"sipm19": 78.66059924485401,
	"sipm20": 112.14680420444495,
	"sipm21": 74.38416882529603,
	"sipm22": 53.52185898507443,
	"sipm23": 71.83441562597011,
	"sipm24": 64.21650804128024,
	"sipm25": 55.06741322894304,
	"sipm26": 56.11344528242957,
	"sipm27": 82.7086613808774,
	"sipm28": 70.84306603031914,
	"sipm29": 75.84306603031912,
	"sipm30": 57.90825346352468,
	"sipm31": 71.65174159821152,
	"sipm32": 45.3924601071849,
	"sipm33": 62.384168825296015,
	"sipm34": 52.97799264087397,
	"sipm35": 60.937441813614534,
	"sipm36": 64.84306603031914,
	"sipm37": 78.07669473971863,
	"sipm38": 62.977992640873964,
	"sipm39": 71.78211157689218,
	"sipm40": 85.06741322894304,
	"sipm41": 74.90825346352469,
	"sipm42": 45.97799264087397,
	"sipm43": 37.23537391456611,
	"sipm44": 55.500810431526524,
	"sipm45": 87.44396737558546,
	"sipm46": 81.08721352563863,
	"sipm47": 47.5747746697121,
	"sipm48": 66.3085392017979,
	"sipm49": 61.21127910138806,
	"sipm50": 53.06440455132645,
	"sipm51": 46.83441562597011,
	"sipm52": 39.87963074411705,
	"sipm53": 46.660599244854005
}