{
	"sipm0": 82.79874478889448,
	"sipm1": 57.93744181361453,
	"sipm2": 81.44140192031506,
	"sipm3": 83.93744181361453,
	"sipm4": 67.38416882529603,
	"sipm5": 79.3859451777825,
	"sipm6": 55.75271384182865,
	"sipm7": 54.113445282429566,
	"sipm8": 60.87963074411705,
	"sipm9": 82.50081043152653,
	"sipm10": 59.84306603031912,
	"sipm11": 58.65174159821152,
	"sipm12": 65.06741322894302,
	"sipm13": 72.30853920179791,
	"sipm14": 68.92414061951257,
	"sipm15": 64.5747746697121,
	"sipm16": 80.69612301900915,
	"sipm17": 78.35574317044906,
	"sipm18": 71.35688624660428,
	"sipm19": 63.06741322894304,
	"sipm20": 72.93744181361453,
	"sipm21": 56.78211157689218,
	"sipm22": 73.02124348663907,
	"sipm23": 61.00713018464164,
	"sipm24": 82.97799264087398,
	"sipm25": 60.53360371610557,
	"sipm26": 54.50717530361453,
	"sipm27": 79.91297259243291,
	"sipm28": 61.93968226976901,
	"sipm29": 73.3085392017979,
	"sipm30": 70.02865535963468,
	"sipm31": 62.84306603031912,
	"sipm32": 70.49991594216013,
	"sipm33": 60.22126061256868,
	"sipm34": 77.07669473971863,
	"sipm35": 62.113445282429566,
	"sipm36": 85.66577363307742,
	"sipm37": 80.79277482656923,
	"sipm38": 71.13509923742508,
	"sipm39": 61.752597481746506,
	"sipm40": 57.500810431526524,
	"sipm41": 80.53360371610557,
	"sipm42": 87.90825346352469,
	"sipm43": 73.52300081331211,
	"sipm44": 78.38416882529602,
	"sipm45": 74.04432835779106,
	"sipm46": 60.3859451777825,
	"sipm47": 74.12430624548973,
	"sipm48": 50.44140192031506,
	"sipm49": 83.79874478889448,
	"sipm50": 46.53360371610556,
	"sipm51": 129.17192949087863,
	"sipm52": 68.84306603031912,
	"sipm53": 56.937441813614534
}