{
	"sipm0": 70.49991594216013,
	"sipm1": 73.84001456628314,
	"sipm2": 74.83004608356212,
	"sipm3": 87.44396737558546,
	"sipm4": 72.74850411295945,
	"sipm5": 69.53360371610556,
	"sipm6": 77.60294212980455,
	"sipm7": 59.00713018464164,
	"sipm8": 63.35688624660429,
	"sipm9": 75.75280104064451,
	"sipm10": 66.62972766543433,
	"sipm11": 50.939682269769,
	"sipm12": 74.44140192031506,
	"sipm13": 65.52185898507443,
	"sipm14": 63.49783393910721,
	"sipm15": 68.21160696994424,
	"sipm16": 58.028655359634676,
	"sipm17": 75.80157246920263,
	"sipm18": 73.59804105846854,
	"sipm19": 86.08721352563865,
	"sipm20": 64.32757571035663,
	"sipm21": 62.113445282429566,
	"sipm22": 62.57596415339076,
	"sipm23": 49.35574317044906,
	"sipm24": 48.499915942160115,
	"sipm25": 57.235373914566104,
	"sipm26": 59.37426098222166,
	"sipm27": 76.37426098222164,
	"sipm28": 68.11344528242957,
	"sipm29": 64.07669473971862,
	"sipm30": 70.34453295164764,
	"sipm31": 66.29057393192772,
	"sipm32": 51.378828041601025,
	"sipm33": 65.06440455132645,
	"sipm34": 56.21127910138806,
	"sipm35": 68.57596415339077,
	"sipm36": 73.78080267546105,
	"sipm37": 68.93744181361453,
	"sipm38": 65.07669473971863,
	"sipm39": 63.08721352563863,
	"sipm40": 69.74850411295945,
	"sipm41": 68.13785474734124,
	"sipm42": 60.87963074411705,
	"sipm43": 48.66577363307743,
	"sipm44": 58.93744181361453,
	"sipm45": 82.68368411600599,
	"sipm46": 71.3859451777825,
	"sipm47": 67.93968226976901,
	"sipm48": 68.39890423513643,
	"sipm49": 68.49783393910721,
	"sipm50": 66.06440455132645,
	"sipm51": 60.62972766543433,
	"sipm52": 65.73904232266602,
	"sipm53": 52.06440455132645
}