{
	"sipm0": 67.07669473971862,
	"sipm1": 80.83441562597011,
	"sipm2": 54.24942807266112,
	"sipm3": 64.78080267546105,
	"sipm4": 116.47455645197795,
	"sipm5": 56.5230008133121,
	"sipm6": 44.521858985074424,
	"sipm7": 49.68790152995742,
	"sipm8": 72.49783393910721,
	"sipm9": 58.37426098222165,
	"sipm10": 75.06440455132645,
	"sipm11": 56.11344528242957,
	"sipm12": 49.124306245489734,
	"sipm13": 64.93744181361453,
	"sipm14": 62.50717530361453,
	"sipm15": 69.78145640027918,
	"sipm16": 57.500810431526524,
	"sipm17": 63.00713018464164,
	"sipm18": 68.06741322894304,
	"sipm19": 96.93036675477363,
	"sipm20": 51.04432835779105,
	"sipm21": 68.78080267546105,
	"sipm22": 120.61110229788805,
	"sipm23": 116.47455645197795,
	"sipm24": 58.84306603031912,
	"sipm25": 40.44140192031506,
	"sipm26": 44.5230008133121,
	"sipm27": 82.66059924485401,
	"sipm28": 54.92414061951256,
	"sipm29": 70.21650804128024,
	"sipm30": 66.00713018464162,
	"sipm31": 59.1761826281969,
	"sipm32": 71.37426098222164,
	"sipm33": 64.93744181361453,
	"sipm34": 53.9858039201865,
	"sipm35": 72.64648594285659,
	"sipm36": 73.97799264087396,
	"sipm37": 69.93968226976901,
	"sipm38": 70.97799264087398,
	"sipm39": 53.02124348663907,
	"sipm40": 49.66120338850495,
	"sipm41": 75.3924601071849,
	"sipm42": 58.3924601071849,
	"sipm43": 48.5747746697121,
	"sipm44": 49.06741322894304,
	"sipm45": 60.499915942160115,
	"sipm46": 84.35688624660429,
	"sipm47": 46.660599244854005,
	"sipm48": 40.30485607440497,
	"sipm49": 56.04432835779105,
	"sipm50": 59.26354137465855,
	"sipm51": 53.830046083562124,
	"sipm52": 43.78145640027919,
	"sipm53": 39.52185898507443
}