{
	"sipm0": 76.93744181361453,
	"sipm1": 72.04432835779104,
	"sipm2": 79.13509923742508,
	"sipm3": 78.1761826281969,
	"sipm4": 81.84306603031912,
	"sipm5": 62.912972592432915,
	"sipm6": 70.17756571412912,
	"sipm7": 69.52300081331211,
	"sipm8": 62.70866138087739,
	"sipm9": 68.93968226976901,
	"sipm10": 81.44396737558547,
	"sipm11": 69.11344528242958,
	"sipm12": 72.50717530361453,
	"sipm13": 76.75259748174649,
	"sipm14": 71.52300081331211,
	"sipm15": 82.97799264087398,
	"sipm16": 87.13785474734124,
	"sipm17": 63.62602700095652,
	"sipm18": 84.07669473971863,
	"sipm19": 61.17618262819691,
	"sipm20": 47.90081508685371,
	"sipm21": 64.07669473971862,
	"sipm22": 56.076694739718626,
	"sipm23": 77.35574317044906,
	"sipm24": 67.93744181361453,
	"sipm25": 81.04432835779104,
	"sipm26": 51.021243486639065,
	"sipm27": 83.06440455132645,
	"sipm28": 87.59804105846854,
	"sipm29": 64.39246010718489,
	"sipm30": 67.1761826281969,
	"sipm31": 46.92414061951256,
	"sipm32": 45.11344528242958,
	"sipm33": 63.00713018464164,
	"sipm34": 55.782111576892184,
	"sipm35": 74.30853920179791,
	"sipm36": 68.44140192031506,
	"sipm37": 82.1761826281969,
	"sipm38": 57.84306603031913,
	"sipm39": 64.30853920179791,
	"sipm40": 60.00713018464164,
	"sipm41": 64.44140192031506,
	"sipm42": 52.912972592432894,
	"sipm43": 110.31777356768461,
	"sipm44": 59.49783393910721,
	"sipm45": 79.78211157689218,
	"sipm46": 44.939682269769015,
	"sipm47": 85.50081043152653,
	"sipm48": 61.04432835779105,
	"sipm49": 69.50081043152653,
	"sipm50": 59.076694739718626,
	"sipm51": 60.66059924485401,
	"sipm52": 53.52185898507443,
	"sipm53": 63.30853920179791
}