{
	"sipm0": 85.34453295164764,
	"sipm1": 75.3924601071849,
	"sipm2": 68.08721352563865,
	"sipm3": 53.62602700095652,
	"sipm4": 51.372087070805485,
	"sipm5": 59.1761826281969,
	"sipm6": 41.49783393910721,
	"sipm7": 45.93968226976901,
	"sipm8": 50.98580392018649,
	"sipm9": 70.90825346352469,
	"sipm10": 67.92414061951257,
	"sipm11": 71.64648594285659,
	"sipm12": 65.3859451777825,
	"sipm13": 58.35574317044907,
	"sipm14": 55.3924601071849,
	"sipm15": 55.84306603031913,
	"sipm16": 38.35688624660429,
	"sipm17": 46.24942807266112,
	"sipm18": 62.99999999999999,
	"sipm19": 78.07669473971863,
	"sipm20": 42.792774826569236,
	"sipm21": 64.7987447888945,
	"sipm22": 45.5747746697121,
	"sipm23": 46.30485607440496,
	"sipm24": 55.97799264087397,
	"sipm25": 33.646485942856586,
	"sipm26": 50.3085392017979,
	"sipm27": 82.11344528242957,
	"sipm28": 78.52300081331211,
	"sipm29": 57.651741598211515,
	"sipm30": 51.977992640873985,
	"sipm31": 42.8344156259701,
	"sipm32": 60.5747746697121,
	"sipm33": 34.24905883393144,
	"sipm34": 32.124306245489734,
	"sipm35": 47.249058833931436,
	"sipm36": 66.3085392017979,
	"sipm37": 74.87613691497114,
	"sipm38": 71.3859451777825,
	"sipm39": 71.35688624660428,
	"sipm40": 69.91297259243291,
	"sipm41": 48.087213525638646,
	"sipm42": 35.24905883393143,
	"sipm43": 41.574774669712106,
	"sipm44": 52.646485942856586,
	"sipm45": 61.49783393910722,
	"sipm46": 62.84306603031912,
	"sipm47": 62.52300081331211,
	"sipm48": 53.24942807266112,
	"sipm49": 49.384168825296015,
	"sipm50": 69.21127910138807,
	"sipm51": 46.78145640027919,
	"sipm52": 44.135099237425074,
	"sipm53": 46.392460107184895
}