{
	"sipm0": 72.08721352563863,
	"sipm1": 66.50081043152653,
	"sipm2": 110.02208192288751,
	"sipm3": 58.79874478889449,
	"sipm4": 44.35574317044906,
	"sipm5": 98.37392697026503,
	"sipm6": 50.7525974817465,
	"sipm7": 68.21127910138807,
	"sipm8": 65.38416882529603,
	"sipm9": 63.68368411600599,
	"sipm10": 58.52300081331211,
	"sipm11": 89.17756571412912,
	"sipm12": 60.3085392017979,
	"sipm13": 54.91297259243291,
	"sipm14": 99.66087256174141,
	"sipm15": 41.93744181361453,
	"sipm16": 70.49783393910721,
	"sipm17": 61.79874478889448,
	"sipm18": 72.7086613808774,
	"sipm19": 56.35574317044906,
	"sipm20": 101.22515547179573,
	"sipm21": 41.53360371610556,
	"sipm22": 60.59804105846854,
	"sipm23": 48.06741322894304,
	"sipm24": 47.4978339391072,
	"sipm25": 74.13785474734122,
	"sipm26": 65.35688624660429,
	"sipm27": 89.01634241530307,
	"sipm28": 49.384168825296015,
	"sipm29": 44.9129725924329,
	"sipm30": 58.35574317044907,
	"sipm31": 59.574774669712106,
	"sipm32": 41.113445282429566,
	"sipm33": 39.384168825296015,
	"sipm34": 68.21127910138807,
	"sipm35": 56.660599244854005,
	"sipm36": 100.54610665375422,
	"sipm37": 47.93744181361453,
	"sipm38": 48.37426098222164,
	"sipm39": 66.66059924485401,
	"sipm40": 46.97799264087398,
	"sipm41": 46.443967375585466,
	"sipm42": 38.1761826281969,
	"sipm43": 56.660599244854005,
	"sipm44": 59.646485942856586,
	"sipm45": 58.24942807266112,
	"sipm46": 65.83441562597011,
	"sipm47": 52.443967375585466,
	"sipm48": 100.99732804196964,
	"sipm49": 54.113445282429566,
	"sipm50": 33.79874478889448,
	"sipm51": 32.843066030319136,
	"sipm52": 45.44396737558546,
	"sipm53": 74.53360371610557
}