{
	"sipm0": 74.7086613808774,
	"sipm1": 53.113445282429566,
	"sipm2": 76.52185898507443,
	"sipm3": 87.29057393192772,
	"sipm4": 59.97799264087398,
	"sipm5": 57.93744181361453,
	"sipm6": 58.5747746697121,
	"sipm7": 47.79874478889448,
	"sipm8": 81.78145640027918,
	"sipm9": 83.07669473971863,
	"sipm10": 59.308539201797906,
	"sipm11": 68.78211157689218,
	"sipm12": 55.79874478889448,
	"sipm13": 55.7525974817465,
	"sipm14": 65.38416882529603,
	"sipm15": 67.50717530361453,
	"sipm16": 64.93968226976901,
	"sipm17": 64.24942807266113,
	"sipm18": 64.04432835779104,
	"sipm19": 57.68368411600599,
	"sipm20": 62.50081043152653,
	"sipm21": 58.3085392017979,
	"sipm22": 51.392460107184895,
	"sipm23": 68.79874478889448,
	"sipm24": 63.04432835779105,
	"sipm25": 51.17618262819691,
	"sipm26": 65.52185898507443,
	"sipm27": 81.93744181361453,
	"sipm28": 60.500810431526524,
	"sipm29": 57.651741598211515,
	"sipm30": 55.59804105846853,
	"sipm31": 63.90081508685371,
	"sipm32": 41.93968226976901,
	"sipm33": 61.38416882529602,
	"sipm34": 60.626027000956526,
	"sipm35": 71.92414061951257,
	"sipm36": 64.08721352563865,
	"sipm37": 67.13509923742507,
	"sipm38": 81.17618262819691,
	"sipm39": 42.35574317044906,
	"sipm40": 64.35574317044906,
	"sipm41": 53.78211157689217,
	"sipm42": 52.70866138087739,
	"sipm43": 57.84306603031913,
	"sipm44": 57.97799264087397,
	"sipm45": 82.24942807266112,
	"sipm46": 75.79874478889448,
	"sipm47": 52.80157246920262,
	"sipm48": 61.356886246604276,
	"sipm49": 54.87613691497115,
	"sipm50": 45.1761826281969,
	"sipm51": 58.87963074411706,
	"sipm52": 49.17618262819691,
	"sipm53": 66.1761826281969
}