{
	"sipm0": 48.78145640027918,
	"sipm1": 80.7987447888945,
	"sipm2": 69.3924601071849,
	"sipm3": 53.263541374658544,
	"sipm4": 63.87963074411705,
	"sipm5": 80.78211157689218,
	"sipm6": 68.5747746697121,
	"sipm7": 64.63935575821495,
	"sipm8": 48.660599244854005,
	"sipm9": 75.04432835779106,
	"sipm10": 72.12430624548973,
	"sipm11": 77.06741322894304,
	"sipm12": 55.441401920315066,
	"sipm13": 58.64648594285659,
	"sipm14": 42.7525974817465,
	"sipm15": 52.249428072661125,
	"sipm16": 58.79277482656923,
	"sipm17": 62.26354137465856,
	"sipm18": 57.384168825296015,
	"sipm19": 73.7987447888945,
	"sipm20": 75.91297259243292,
	"sipm21": 60.35688624660428,
	"sipm22": 61.24942807266112,
	"sipm23": 64.13509923742507,
	"sipm24": 52.211279101388065,
	"sipm25": 37.752597481746506,
	"sipm26": 44.441401920315066,
	"sipm27": 95.93478119843301,
	"sipm28": 60.937441813614534,
	"sipm29": 45.11344528242958,
	"sipm30": 62.221260612568685,
	"sipm31": 65.07669473971863,
	"sipm32": 52.124306245489734,
	"sipm33": 52.3859451777825,
	"sipm34": 107.19584493554807,
	"sipm35": 61.49783393910722,
	"sipm36": 87.44396737558546,
	"sipm37": 60.23537391456612,
	"sipm38": 74.97799264087398,
	"sipm39": 72.7086613808774,
	"sipm40": 41.08721352563864,
	"sipm41": 37.39246010718489,
	"sipm42": 63.5230008133121,
	"sipm43": 35.17618262819691,
	"sipm44": 47.21650804128023,
	"sipm45": 82.1761826281969,
	"sipm46": 78.07669473971863,
	"sipm47": 88.69612301900915,
	"sipm48": 79.35688624660429,
	"sipm49": 57.356886246604276,
	"sipm50": 64.97799264087398,
	"sipm51": 60.0,
	"sipm52": 53.64648594285657,
	"sipm53": 48.38505370669673
}