{
	"sipm0": 53.249058833931436,
	"sipm1": 56.13509923742508,
	"sipm2": 59.651741598211515,
	"sipm3": 59.90825346352467,
	"sipm4": 73.97799264087396,
	"sipm5": 53.65174159821152,
	"sipm6": 59.87963074411705,
	"sipm7": 55.782111576892184,
	"sipm8": 56.13509923742508,
	"sipm9": 72.93968226976901,
	"sipm10": 52.97799264087397,
	"sipm11": 58.11344528242957,
	"sipm12": 45.3859451777825,
	"sipm13": 115.08462876642415,
	"sipm14": 77.70866138087739,
	"sipm15": 61.50081043152653,
	"sipm16": 63.91297259243291,
	"sipm17": 55.13509923742508,
	"sipm18": 49.9008150868537,
	"sipm19": 49.75271384182866,
	"sipm20": 61.35574317044906,
	"sipm21": 41.24942807266112,
	"sipm22": 72.23537391456611,
	"sipm23": 61.02124348663908,
	"sipm24": 67.13509923742507,
	"sipm25": 47.044328357791045,
	"sipm26": 48.92414061951257,
	"sipm27": 86.85586379949518,
	"sipm28": 53.1761826281969,
	"sipm29": 55.782111576892184,
	"sipm30": 65.50081043152653,
	"sipm31": 60.441401920315066,
	"sipm32": 96.13162908224555,
	"sipm33": 69.21650804128024,
	"sipm34": 44.308539201797906,
	"sipm35": 61.646485942856586,
	"sipm36": 72.66059924485401,
	"sipm37": 115.42693260476614,
	"sipm38": 57.06741322894304,
	"sipm39": 57.5747746697121,
	"sipm40": 67.04432835779104,
	"sipm41": 48.113445282429566,
	"sipm42": 57.441401920315066,
	"sipm43": 58.752597481746506,
	"sipm44": 63.708661380877395,
	"sipm45": 81.07669473971863,
	"sipm46": 62.08721352563864,
	"sipm47": 57.35574317044905,
	"sipm48": 44.21650804128023,
	"sipm49": 50.13785474734123,
	"sipm50": 57.93968226976901,
	"sipm51": 68.64648594285659,
	"sipm52": 46.75280104064451,
	"sipm53": 99.88007555102372
}