{
	"sipm0": 53.91297259243291,
	"sipm1": 65.83441562597011,
	"sipm2": 67.92414061951257,
	"sipm3": 73.06741322894304,
	"sipm4": 75.30485607440497,
	"sipm5": 71.21160696994423,
	"sipm6": 80.24942807266112,
	"sipm7": 60.782111576892184,
	"sipm8": 111.83520069376301,
	"sipm9": 65.5747746697121,
	"sipm10": 73.24942807266112,
	"sipm11": 73.52300081331211,
	"sipm12": 66.35688624660429,
	"sipm13": 64.06741322894304,
	"sipm14": 67.68368411600599,
	"sipm15": 73.78211157689218,
	"sipm16": 61.5747746697121,
	"sipm17": 71.12430624548972,
	"sipm18": 90.16093961849322,
	"sipm19": 76.5747746697121,
	"sipm20": 80.65174159821152,
	"sipm21": 75.64648594285659,
	"sipm22": 61.651741598211515,
	"sipm23": 73.04432835779104,
	"sipm24": 73.50081043152653,
	"sipm25": 66.21127910138807,
	"sipm26": 60.441401920315066,
	"sipm27": 73.1761826281969,
	"sipm28": 63.249058833931436,
	"sipm29": 65.12430624548972,
	"sipm30": 89.01634241530307,
	"sipm31": 49.79277482656923,
	"sipm32": 79.93968226976902,
	"sipm33": 68.87963074411707,
	"sipm34": 49.70866138087739,
	"sipm35": 72.66059924485401,
	"sipm36": 75.26354137465856,
	"sipm37": 74.17618262819691,
	"sipm38": 78.70866138087739,
	"sipm39": 62.66120338850496,
	"sipm40": 70.78145640027918,
	"sipm41": 69.63935575821495,
	"sipm42": 72.08721352563863,
	"sipm43": 64.78211157689218,
	"sipm44": 69.64648594285659,
	"sipm45": 98.5851346635617,
	"sipm46": 84.13785474734124,
	"sipm47": 68.65174159821152,
	"sipm48": 68.24942807266112,
	"sipm49": 76.24942807266112,
	"sipm50": 79.93744181361453,
	"sipm51": 54.75271384182865,
	"sipm52": 46.12430624548973,
	"sipm53": 72.66059924485401
}