{
	"sipm0": 71.63935575821495,
	"sipm1": 61.937441813614534,
	"sipm2": 78.49783393910721,
	"sipm3": 80.01634241530306,
	"sipm4": 73.14275581867724,
	"sipm5": 71.46938786280305,
	"sipm6": 74.7086613808774,
	"sipm7": 61.016342415303065,
	"sipm8": 71.1761826281969,
	"sipm9": 52.135099237425074,
	"sipm10": 66.26354137465856,
	"sipm11": 61.63935575821495,
	"sipm12": 109.72888559597507,
	"sipm13": 59.83534138127712,
	"sipm14": 77.29057393192772,
	"sipm15": 62.49783393910721,
	"sipm16": 73.93036675477363,
	"sipm17": 66.1761826281969,
	"sipm18": 87.44396737558546,
	"sipm19": 83.66577363307744,
	"sipm20": 70.87613691497114,
	"sipm21": 77.37208707080549,
	"sipm22": 52.85586379949518,
	"sipm23": 87.75280104064451,
	"sipm24": 66.2153444144501,
	"sipm25": 57.663264877845265,
	"sipm26": 64.66059924485401,
	"sipm27": 85.35574317044906,
	"sipm28": 65.44140192031506,
	"sipm29": 73.5747746697121,
	"sipm30": 60.211279101388065,
	"sipm31": 61.843066030319136,
	"sipm32": 64.66059924485401,
	"sipm33": 53.113445282429566,
	"sipm34": 58.64648594285659,
	"sipm35": 61.385945177782496,
	"sipm36": 82.864396394601,
	"sipm37": 92.03942728645505,
	"sipm38": 67.76905794442992,
	"sipm39": 59.66059924485401,
	"sipm40": 53.50081043152652,
	"sipm41": 64.84306603031914,
	"sipm42": 70.53360371610557,
	"sipm43": 69.78211157689219,
	"sipm44": 65.7525974817465,
	"sipm45": 107.46834483090099,
	"sipm46": 66.24942807266112,
	"sipm47": 74.35574317044906,
	"sipm48": 73.78211157689218,
	"sipm49": 78.01634241530307,
	"sipm50": 59.91492838885114,
	"sipm51": 59.32757571035661,
	"sipm52": 75.91297259243292,
	"sipm53": 69.79277482656923
}