{
	"sipm0": 68.21127910138807,
	"sipm1": 41.135099237425074,
	"sipm2": 53.00713018464163,
	"sipm3": 61.5230008133121,
	"sipm4": 58.830046083562124,
	"sipm5": 49.385945177782496,
	"sipm6": 48.44140192031506,
	"sipm7": 47.776555328943175,
	"sipm8": 40.124306245489734,
	"sipm9": 75.75280104064451,
	"sipm10": 42.06741322894304,
	"sipm11": 99.44304389490355,
	"sipm12": 48.356666651130965,
	"sipm13": 52.08721352563863,
	"sipm14": 50.044328357791045,
	"sipm15": 56.35181138523054,
	"sipm16": 55.75271384182865,
	"sipm17": 45.38416882529603,
	"sipm18": 55.70866138087739,
	"sipm19": 52.65174159821151,
	"sipm20": 44.2153444144501,
	"sipm21": 52.79874478889449,
	"sipm22": 48.35688624660428,
	"sipm23": 34.067413228943025,
	"sipm24": 50.13509923742508,
	"sipm25": 44.69612301900915,
	"sipm26": 30.504817013496137,
	"sipm27": 55.021243486639065,
	"sipm28": 45.99999999999999,
	"sipm29": 48.23537391456611,
	"sipm30": 73.24905883393143,
	"sipm31": 52.683684116005985,
	"sipm32": 50.06440455132645,
	"sipm33": 46.55918521840208,
	"sipm34": 32.13509923742508,
	"sipm35": 50.83441562597011,
	"sipm36": 45.87963074411705,
	"sipm37": 48.79874478889448,
	"sipm38": 42.69612301900916,
	"sipm39": 45.629727665434324,
	"sipm40": 52.90825346352468,
	"sipm41": 34.776555328943175,
	"sipm42": 36.35181138523053,
	"sipm43": 52.574774669712106,
	"sipm44": 51.52185898507443,
	"sipm45": 49.14209076865815,
	"sipm46": 65.14209076865815,
	"sipm47": 52.249428072661125,
	"sipm48": 53.44140192031505,
	"sipm49": 60.85586379949518,
	"sipm50": 49.04432835779105,
	"sipm51": 57.25723222719313,
	"sipm52": 41.135099237425074,
	"sipm53": 16.463707000635722
}