{
	"sipm0": 67.79277482656923,
	"sipm1": 59.392460107184895,
	"sipm2": 62.92414061951257,
	"sipm3": 76.50081043152653,
	"sipm4": 59.23537391456611,
	"sipm5": 58.24942807266112,
	"sipm6": 67.9858039201865,
	"sipm7": 65.21127910138807,
	"sipm8": 55.3924601071849,
	"sipm9": 72.13509923742507,
	"sipm10": 70.50081043152653,
	"sipm11": 81.85586379949518,
	"sipm12": 50.14275581867724,
	"sipm13": 65.7814564002792,
	"sipm14": 61.14209076865815,
	"sipm15": 49.985803920186484,
	"sipm16": 77.21127910138807,
	"sipm17": 62.52185898507444,
	"sipm18": 86.08721352563865,
	"sipm19": 67.12430624548972,
	"sipm20": 71.49783393910721,
	"sipm21": 64.50081043152653,
	"sipm22": 49.35574317044906,
	"sipm23": 62.384168825296015,
	"sipm24": 65.93968226976901,
	"sipm25": 52.249428072661125,
	"sipm26": 2.4612276947195255,
	"sipm27": 67.24942807266112,
	"sipm28": 71.97799264087398,
	"sipm29": 58.3924601071849,
	"sipm30": 63.3924601071849,
	"sipm31": 49.939682269769015,
	"sipm32": 58.3924601071849,
	"sipm33": 43.3924601071849,
	"sipm34": 52.08721352563863,
	"sipm35": 79.52300081331211,
	"sipm36": 62.977992640873964,
	"sipm37": 82.30853920179791,
	"sipm38": 65.21127910138807,
	"sipm39": 38.2633598570541,
	"sipm40": 51.843066030319136,
	"sipm41": 38.9858039201865,
	"sipm42": 49.626027000956526,
	"sipm43": 45.00713018464164,
	"sipm44": 50.35574317044906,
	"sipm45": 84.07669473971863,
	"sipm46": 63.30853920179791,
	"sipm47": 61.385945177782496,
	"sipm48": 50.3085392017979,
	"sipm49": 94.77655532894319,
	"sipm50": 64.06440455132645,
	"sipm51": 52.14209076865815,
	"sipm52": 48.79874478889448,
	"sipm53": 50.26354137465856
}