{
	"sipm0": 74.52185898507443,
	"sipm1": 67.14275581867724,
	"sipm2": 76.06930562266245,
	"sipm3": 73.71894744142317,
	"sipm4": 81.70866138087739,
	"sipm5": 62.3924601071849,
	"sipm6": 64.24942807266113,
	"sipm7": 63.48732285987006,
	"sipm8": 56.688585187342,
	"sipm9": 61.780802675461054,
	"sipm10": 79.06741322894304,
	"sipm11": 70.21650804128024,
	"sipm12": 71.54201439150407,
	"sipm13": 74.78080267546105,
	"sipm14": 64.01827066152035,
	"sipm15": 81.13509923742508,
	"sipm16": 84.07669473971863,
	"sipm17": 57.929041690848564,
	"sipm18": 81.00713018464164,
	"sipm19": 59.124306245489734,
	"sipm20": 50.65174159821152,
	"sipm21": 60.37426098222165,
	"sipm22": 50.54201439150407,
	"sipm23": 74.17618262819691,
	"sipm24": 65.00713018464162,
	"sipm25": 77.42323287904878,
	"sipm26": 47.90779820420949,
	"sipm27": 76.00713018464164,
	"sipm28": 80.12430624548972,
	"sipm29": 64.00713018464164,
	"sipm30": 65.7525974817465,
	"sipm31": 44.17618262819691,
	"sipm32": 40.42323287904879,
	"sipm33": 55.872925162452376,
	"sipm34": 52.06930562266246,
	"sipm35": 72.62602700095653,
	"sipm36": 62.688585187342,
	"sipm37": 81.3924601071849,
	"sipm38": 56.13509923742508,
	"sipm39": 62.0,
	"sipm40": 56.602942129804546,
	"sipm41": 61.263359857054105,
	"sipm42": 50.99999999999999,
	"sipm43": 108.01984146673303,
	"sipm44": 53.186881229124495,
	"sipm45": 75.48732285987006,
	"sipm46": 40.65174159821152,
	"sipm47": 82.44140192031506,
	"sipm48": 58.38505370669674,
	"sipm49": 65.13509923742507,
	"sipm50": 52.83534138127712,
	"sipm51": 58.26354137465856,
	"sipm52": 50.78080267546105,
	"sipm53": 61.49991594216013
}