{
	"sipm0": 68.5747746697121,
	"sipm1": 63.843066030319136,
	"sipm2": 101.22515547179573,
	"sipm3": 56.263541374658544,
	"sipm4": 42.113445282429566,
	"sipm5": 93.84001456628314,
	"sipm6": 48.90081508685371,
	"sipm7": 66.3859451777825,
	"sipm8": 60.52185898507444,
	"sipm9": 57.87963074411705,
	"sipm10": 58.24942807266112,
	"sipm11": 88.53711332016807,
	"sipm12": 59.392460107184895,
	"sipm13": 53.7525974817465,
	"sipm14": 89.66577363307744,
	"sipm15": 34.35181138523055,
	"sipm16": 69.11344528242958,
	"sipm17": 59.651741598211515,
	"sipm18": 70.0,
	"sipm19": 55.07669473971862,
	"sipm20": 103.58957495673303,
	"sipm21": 36.26354137465856,
	"sipm22": 60.75280104064451,
	"sipm23": 47.356886246604276,
	"sipm24": 43.124306245489734,
	"sipm25": 69.5747746697121,
	"sipm26": 60.876136914971156,
	"sipm27": 112.77852267212765,
	"sipm28": 47.63935575821493,
	"sipm29": 42.99999999999999,
	"sipm30": 56.24942807266112,
	"sipm31": 56.87613691497114,
	"sipm32": 39.39246010718489,
	"sipm33": 35.17618262819691,
	"sipm34": 63.124306245489734,
	"sipm35": 56.660599244854005,
	"sipm36": 119.43324175223155,
	"sipm37": 48.216508041280235,
	"sipm38": 47.021243486639065,
	"sipm39": 61.54201439150407,
	"sipm40": 47.24942807266112,
	"sipm41": 39.499915942160115,
	"sipm42": 38.7086613808774,
	"sipm43": 54.26354137465855,
	"sipm44": 56.17618262819691,
	"sipm45": 57.97799264087397,
	"sipm46": 61.97799264087398,
	"sipm47": 45.7525974817465,
	"sipm48": 96.32959861247399,
	"sipm49": 53.1761826281969,
	"sipm50": 31.52185898507443,
	"sipm51": 33.11344528242958,
	"sipm52": 37.62972766543432,
	"sipm53": 69.3924601071849
}