{
	"sipm0": 64.78211157689218,
	"sipm1": 74.87963074411705,
	"sipm2": 49.42323287904878,
	"sipm3": 64.18688122912451,
	"sipm4": 126.70681369774107,
	"sipm5": 56.937441813614534,
	"sipm6": 42.14209076865815,
	"sipm7": 48.82197362906759,
	"sipm8": 67.50717530361453,
	"sipm9": 61.5230008133121,
	"sipm10": 70.52300081331211,
	"sipm11": 54.13509923742508,
	"sipm12": 49.37426098222166,
	"sipm13": 62.007130184641646,
	"sipm14": 58.144172771711055,
	"sipm15": 69.49783393910721,
	"sipm16": 53.3924601071849,
	"sipm17": 61.263359857054105,
	"sipm18": 65.5747746697121,
	"sipm19": 88.69612301900915,
	"sipm20": 49.499915942160115,
	"sipm21": 68.30485607440497,
	"sipm22": 119.43324175223155,
	"sipm23": 108.86385605339768,
	"sipm24": 57.651741598211515,
	"sipm25": 39.26354137465856,
	"sipm26": 37.688585187342,
	"sipm27": 78.87613691497114,
	"sipm28": 51.135099237425074,
	"sipm29": 65.75271384182865,
	"sipm30": 68.93744181361453,
	"sipm31": 57.87963074411705,
	"sipm32": 69.54201439150407,
	"sipm33": 65.21650804128024,
	"sipm34": 48.263541374658544,
	"sipm35": 67.87963074411705,
	"sipm36": 72.13509923742507,
	"sipm37": 69.35574317044906,
	"sipm38": 69.78211157689219,
	"sipm39": 48.291527317146546,
	"sipm40": 54.113445282429566,
	"sipm41": 75.00713018464164,
	"sipm42": 52.68790152995742,
	"sipm43": 50.356886246604276,
	"sipm44": 41.95212656200056,
	"sipm45": 61.00713018464164,
	"sipm46": 84.35688624660429,
	"sipm47": 41.423232879048776,
	"sipm48": 40.90081508685371,
	"sipm49": 54.37426098222166,
	"sipm50": 55.37208707080548,
	"sipm51": 49.35574317044906,
	"sipm52": 40.00713018464164,
	"sipm53": 40.57477466971209
}