{
	"sipm0": 67.1761826281969,
	"sipm1": 54.37426098222166,
	"sipm2": 61.79874478889448,
	"sipm3": 60.79874478889449,
	"sipm4": 55.252239914987776,
	"sipm5": 76.24905883393143,
	"sipm6": 71.3859451777825,
	"sipm7": 66.25723222719313,
	"sipm8": 40.97799264087397,
	"sipm9": 58.97799264087397,
	"sipm10": 68.60294212980455,
	"sipm11": 52.14209076865815,
	"sipm12": 69.688585187342,
	"sipm13": 46.50717530361453,
	"sipm14": 64.90081508685371,
	"sipm15": 53.95212656200056,
	"sipm16": 50.463707000635736,
	"sipm17": 54.79874478889448,
	"sipm18": 39.26354137465856,
	"sipm19": 69.26354137465856,
	"sipm20": 48.752713841828665,
	"sipm21": 68.5747746697121,
	"sipm22": 68.37208707080549,
	"sipm23": 40.37208707080548,
	"sipm24": 58.38505370669674,
	"sipm25": 36.79874478889448,
	"sipm26": 61.124306245489734,
	"sipm27": 64.688585187342,
	"sipm28": 115.42693260476614,
	"sipm29": 45.35181138523055,
	"sipm30": 50.30485607440495,
	"sipm31": 60.782111576892184,
	"sipm32": 48.37208707080548,
	"sipm33": 66.60294212980455,
	"sipm34": 59.18688122912451,
	"sipm35": 62.75271384182866,
	"sipm36": 67.75271384182867,
	"sipm37": 128.164799306237,
	"sipm38": 53.49991594216012,
	"sipm39": 55.13509923742508,
	"sipm40": 49.24942807266112,
	"sipm41": 46.708661380877395,
	"sipm42": 70.66120338850496,
	"sipm43": 47.392460107184895,
	"sipm44": 58.39697067137959,
	"sipm45": 52.521858985074424,
	"sipm46": 57.07669473971863,
	"sipm47": 46.602942129804546,
	"sipm48": 71.30485607440497,
	"sipm49": 70.12430624548973,
	"sipm50": 52.79874478889449,
	"sipm51": 71.97799264087398,
	"sipm52": 62.912972592432915,
	"sipm53": 61.54201439150407
}