{
	"sipm0": 63.65174159821152,
	"sipm1": 58.49991594216012,
	"sipm2": 60.176182628196905,
	"sipm3": 71.87963074411705,
	"sipm4": 53.7525974817465,
	"sipm5": 51.91492838885114,
	"sipm6": 61.752597481746506,
	"sipm7": 61.135099237425074,
	"sipm8": 54.0,
	"sipm9": 70.14209076865815,
	"sipm10": 68.38594517778249,
	"sipm11": 72.14209076865816,
	"sipm12": 47.08159581105463,
	"sipm13": 60.38505370669673,
	"sipm14": 57.57847290862292,
	"sipm15": 44.78211157689218,
	"sipm16": 73.26354137465856,
	"sipm17": 59.42323287904879,
	"sipm18": 82.04432835779104,
	"sipm19": 65.66120338850496,
	"sipm20": 68.00713018464164,
	"sipm21": 60.3924601071849,
	"sipm22": 45.52185898507444,
	"sipm23": 59.798744788894496,
	"sipm24": 60.12430624548972,
	"sipm25": 50.912972592432915,
	"sipm26": 2.4612276947195255,
	"sipm27": 64.24905883393143,
	"sipm28": 67.54201439150407,
	"sipm29": 56.02124348663907,
	"sipm30": 64.04432835779104,
	"sipm31": 51.13785474734123,
	"sipm32": 57.249058833931436,
	"sipm33": 41.62972766543433,
	"sipm34": 49.79874478889448,
	"sipm35": 75.2633598570541,
	"sipm36": 61.651741598211515,
	"sipm37": 80.62602700095653,
	"sipm38": 58.90081508685371,
	"sipm39": 36.48732285987006,
	"sipm40": 51.308539201797906,
	"sipm41": 34.97799264087398,
	"sipm42": 45.240274985902126,
	"sipm43": 42.90081508685371,
	"sipm44": 43.186881229124495,
	"sipm45": 80.24905883393143,
	"sipm46": 61.0,
	"sipm47": 57.14209076865815,
	"sipm48": 51.11344528242957,
	"sipm49": 90.8323336229172,
	"sipm50": 64.37882804160104,
	"sipm51": 51.30485607440496,
	"sipm52": 45.37426098222164,
	"sipm53": 50.26354137465856
}