{
	"sipm0": 83.66577363307744,
	"sipm1": 71.37208707080549,
	"sipm2": 62.0,
	"sipm3": 51.06930562266245,
	"sipm4": 50.914928388851145,
	"sipm5": 54.83534138127713,
	"sipm6": 34.14275581867723,
	"sipm7": 39.752713841828665,
	"sipm8": 46.04432835779105,
	"sipm9": 69.08721352563865,
	"sipm10": 62.2633598570541,
	"sipm11": 69.3859451777825,
	"sipm12": 62.62602700095653,
	"sipm13": 57.63935575821494,
	"sipm14": 53.50717530361453,
	"sipm15": 50.718947441423175,
	"sipm16": 35.91297259243291,
	"sipm17": 44.00713018464164,
	"sipm18": 60.835341381277125,
	"sipm19": 74.49991594216013,
	"sipm20": 41.78145640027919,
	"sipm21": 62.26354137465856,
	"sipm22": 41.186881229124495,
	"sipm23": 46.06930562266245,
	"sipm24": 54.651741598211515,
	"sipm25": 27.02124348663908,
	"sipm26": 45.02865535963467,
	"sipm27": 80.00713018464164,
	"sipm28": 77.44140192031506,
	"sipm29": 57.3924601071849,
	"sipm30": 50.912972592432915,
	"sipm31": 41.067413228943025,
	"sipm32": 58.87963074411706,
	"sipm33": 33.876136914971156,
	"sipm34": 29.952126562000558,
	"sipm35": 45.30485607440497,
	"sipm36": 64.0,
	"sipm37": 74.87613691497114,
	"sipm38": 66.30485607440497,
	"sipm39": 67.24905883393143,
	"sipm40": 68.62602700095653,
	"sipm41": 43.78211157689218,
	"sipm42": 31.57596415339077,
	"sipm43": 41.97799264087398,
	"sipm44": 48.263541374658544,
	"sipm45": 59.44140192031506,
	"sipm46": 58.66120338850496,
	"sipm47": 63.07669473971864,
	"sipm48": 51.52185898507443,
	"sipm49": 45.44140192031506,
	"sipm50": 63.2633598570541,
	"sipm51": 44.308539201797906,
	"sipm52": 42.87613691497114,
	"sipm53": 45.87963074411705
}