{
	"sipm0": 56.780802675461054,
	"sipm1": 58.52185898507444,
	"sipm2": 51.290573931927725,
	"sipm3": 63.249428072661125,
	"sipm4": 62.70866138087739,
	"sipm5": 71.3924601071849,
	"sipm6": 69.2633598570541,
	"sipm7": 49.821973629067585,
	"sipm8": 53.801572469202625,
	"sipm9": 75.5747746697121,
	"sipm10": 56.3924601071849,
	"sipm11": 53.38505370669673,
	"sipm12": 76.75259748174649,
	"sipm13": 68.48732285987006,
	"sipm14": 102.62441404462257,
	"sipm15": 68.38505370669674,
	"sipm16": 63.25223991498778,
	"sipm17": 43.3085392017979,
	"sipm18": 49.57847290862293,
	"sipm19": 67.66120338850496,
	"sipm20": 62.65174159821152,
	"sipm21": 60.50717530361454,
	"sipm22": 41.38505370669672,
	"sipm23": 110.02208192288751,
	"sipm24": 58.90081508685371,
	"sipm25": 49.95212656200055,
	"sipm26": 74.11344528242958,
	"sipm27": 60.62972766543433,
	"sipm28": 77.62972766543433,
	"sipm29": 66.06741322894304,
	"sipm30": 63.3924601071849,
	"sipm31": 68.2633598570541,
	"sipm32": 50.26335985705409,
	"sipm33": 67.52300081331211,
	"sipm34": 63.186881229124495,
	"sipm35": 64.11344528242958,
	"sipm36": 79.62972766543433,
	"sipm37": 68.24905883393143,
	"sipm38": 65.66120338850496,
	"sipm39": 69.00713018464165,
	"sipm40": 71.62602700095653,
	"sipm41": 62.99999999999999,
	"sipm42": 62.044328357791045,
	"sipm43": 112.77852267212765,
	"sipm44": 41.68368411600599,
	"sipm45": 64.3859451777825,
	"sipm46": 43.49991594216012,
	"sipm47": 46.2633598570541,
	"sipm48": 58.84306603031912,
	"sipm49": 57.069305622662455,
	"sipm50": 44.78211157689218,
	"sipm51": 37.0,
	"sipm52": 46.028655359634676,
	"sipm53": 59.78080267546106
}