{
	"sipm0": 64.13509923742507,
	"sipm1": 69.90081508685371,
	"sipm2": 56.75259748174649,
	"sipm3": 65.30485607440495,
	"sipm4": 63.78080267546105,
	"sipm5": 60.12430624548972,
	"sipm6": 65.44140192031506,
	"sipm7": 43.124306245489734,
	"sipm8": 63.25723222719313,
	"sipm9": 84.92414061951256,
	"sipm10": 62.3085392017979,
	"sipm11": 61.50717530361453,
	"sipm12": 69.11344528242958,
	"sipm13": 87.90825346352469,
	"sipm14": 74.37426098222164,
	"sipm15": 69.52185898507443,
	"sipm16": 66.25723222719313,
	"sipm17": 48.62972766543433,
	"sipm18": 65.52185898507443,
	"sipm19": 56.308539201797906,
	"sipm20": 60.04432835779106,
	"sipm21": 65.71894744142318,
	"sipm22": 65.87963074411705,
	"sipm23": 60.441401920315066,
	"sipm24": 111.22025440045972,
	"sipm25": 69.04432835779104,
	"sipm26": 65.26354137465854,
	"sipm27": 77.21650804128024,
	"sipm28": 82.04432835779104,
	"sipm29": 67.39246010718489,
	"sipm30": 57.3085392017979,
	"sipm31": 107.46834483090099,
	"sipm32": 54.30485607440496,
	"sipm33": 49.80157246920262,
	"sipm34": 59.574774669712106,
	"sipm35": 48.3085392017979,
	"sipm36": 72.79874478889448,
	"sipm37": 65.87613691497114,
	"sipm38": 84.49783393910721,
	"sipm39": 68.5747746697121,
	"sipm40": 52.87963074411705,
	"sipm41": 52.602942129804546,
	"sipm42": 55.7525974817465,
	"sipm43": 63.04432835779105,
	"sipm44": 59.87613691497115,
	"sipm45": 71.23537391456611,
	"sipm46": 79.87613691497114,
	"sipm47": 61.752597481746506,
	"sipm48": 63.46938786280305,
	"sipm49": 62.113445282429566,
	"sipm50": 61.17618262819691,
	"sipm51": 48.87963074411705,
	"sipm52": 57.249058833931436,
	"sipm53": 51.499915942160115
}