{
	"sipm0": 77.78080267546105,
	"sipm1": 54.87963074411705,
	"sipm2": 80.39246010718489,
	"sipm3": 82.1761826281969,
	"sipm4": 60.38505370669673,
	"sipm5": 77.3924601071849,
	"sipm6": 56.75259748174649,
	"sipm7": 51.87963074411705,
	"sipm8": 56.91492838885114,
	"sipm9": 77.87963074411705,
	"sipm10": 54.37208707080549,
	"sipm11": 55.06930562266246,
	"sipm12": 60.12430624548972,
	"sipm13": 68.90081508685371,
	"sipm14": 66.97799264087398,
	"sipm15": 62.37426098222166,
	"sipm16": 78.53360371610557,
	"sipm17": 73.37426098222164,
	"sipm18": 68.26354137465854,
	"sipm19": 59.78211157689218,
	"sipm20": 70.3924601071849,
	"sipm21": 54.02124348663908,
	"sipm22": 71.60294212980455,
	"sipm23": 57.37208707080549,
	"sipm24": 79.38505370669674,
	"sipm25": 57.11344528242958,
	"sipm26": 55.626027000956526,
	"sipm27": 75.25723222719314,
	"sipm28": 59.24942807266113,
	"sipm29": 72.39246010718489,
	"sipm30": 67.92904169084858,
	"sipm31": 57.602942129804546,
	"sipm32": 66.24027498590212,
	"sipm33": 54.44140192031506,
	"sipm34": 74.65174159821153,
	"sipm35": 56.257232227193136,
	"sipm36": 78.84306603031912,
	"sipm37": 77.04432835779104,
	"sipm38": 68.78080267546105,
	"sipm39": 63.04432835779105,
	"sipm40": 52.87963074411705,
	"sipm41": 79.35574317044907,
	"sipm42": 83.11344528242957,
	"sipm43": 71.13509923742508,
	"sipm44": 71.50717530361453,
	"sipm45": 73.3924601071849,
	"sipm46": 57.7525974817465,
	"sipm47": 73.38505370669674,
	"sipm48": 47.629727665434324,
	"sipm49": 80.24905883393143,
	"sipm50": 44.63935575821495,
	"sipm51": 114.40997536347511,
	"sipm52": 67.91297259243291,
	"sipm53": 53.124306245489734
}