{
	"sipm0": 43.687901529957415,
	"sipm1": 72.24942807266112,
	"sipm2": 73.24905883393143,
	"sipm3": 89.33954063944228,
	"sipm4": 81.91297259243291,
	"sipm5": 67.62602700095653,
	"sipm6": 69.78080267546105,
	"sipm7": 57.463707000635736,
	"sipm8": 44.06741322894303,
	"sipm9": 98.5851346635617,
	"sipm10": 58.62602700095652,
	"sipm11": 69.83534138127712,
	"sipm12": 61.1868812291245,
	"sipm13": 84.63935575821495,
	"sipm14": 42.651741598211515,
	"sipm15": 67.37426098222166,
	"sipm16": 27.90081508685371,
	"sipm17": 42.84306603031912,
	"sipm18": 59.574774669712106,
	"sipm19": 74.38505370669672,
	"sipm20": 104.33145848704993,
	"sipm21": 69.3924601071849,
	"sipm22": 53.13509923742508,
	"sipm23": 68.38594517778249,
	"sipm24": 62.5747746697121,
	"sipm25": 50.7525974817465,
	"sipm26": 53.7525974817465,
	"sipm27": 82.04432835779104,
	"sipm28": 67.75271384182867,
	"sipm29": 70.95212656200056,
	"sipm30": 52.574774669712106,
	"sipm31": 67.14275581867724,
	"sipm32": 47.52300081331211,
	"sipm33": 58.44140192031506,
	"sipm34": 51.263541374658544,
	"sipm35": 57.249058833931436,
	"sipm36": 63.91297259243291,
	"sipm37": 74.49991594216013,
	"sipm38": 62.977992640873964,
	"sipm39": 69.38505370669674,
	"sipm40": 81.3924601071849,
	"sipm41": 68.3924601071849,
	"sipm42": 43.124306245489734,
	"sipm43": 34.24942807266112,
	"sipm44": 51.78211157689218,
	"sipm45": 87.44396737558546,
	"sipm46": 74.62972766543433,
	"sipm47": 46.651741598211515,
	"sipm48": 63.02124348663907,
	"sipm49": 55.38505370669672,
	"sipm50": 49.356886246604276,
	"sipm51": 40.37426098222165,
	"sipm52": 41.574774669712106,
	"sipm53": 47.21650804128023
}