{
	"sipm0": 43.752713841828665,
	"sipm1": 78.65174159821152,
	"sipm2": 67.2633598570541,
	"sipm3": 53.65174159821152,
	"sipm4": 64.13509923742507,
	"sipm5": 78.62972766543433,
	"sipm6": 66.37426098222164,
	"sipm7": 61.52185898507443,
	"sipm8": 45.12430624548972,
	"sipm9": 77.07669473971863,
	"sipm10": 70.06930562266245,
	"sipm11": 73.13509923742508,
	"sipm12": 54.00713018464164,
	"sipm13": 55.70866138087739,
	"sipm14": 41.62972766543433,
	"sipm15": 46.602942129804546,
	"sipm16": 55.176182628196905,
	"sipm17": 62.52185898507444,
	"sipm18": 54.660599244854005,
	"sipm19": 67.48732285987006,
	"sipm20": 73.75271384182867,
	"sipm21": 52.35181138523054,
	"sipm22": 56.90081508685371,
	"sipm23": 61.90081508685371,
	"sipm24": 47.12430624548973,
	"sipm25": 35.30485607440497,
	"sipm26": 40.90081508685371,
	"sipm27": 89.99509892866399,
	"sipm28": 53.240274985902126,
	"sipm29": 39.25723222719314,
	"sipm30": 56.17618262819691,
	"sipm31": 62.52185898507444,
	"sipm32": 56.216508041280235,
	"sipm33": 50.00713018464164,
	"sipm34": 105.08952983776014,
	"sipm35": 56.2633598570541,
	"sipm36": 86.38416882529603,
	"sipm37": 57.798744788894496,
	"sipm38": 74.17618262819691,
	"sipm39": 70.7525974817465,
	"sipm40": 33.66120338850496,
	"sipm41": 33.71894744142317,
	"sipm42": 58.66120338850496,
	"sipm43": 33.752597481746506,
	"sipm44": 42.14209076865815,
	"sipm45": 82.7086613808774,
	"sipm46": 74.49991594216013,
	"sipm47": 84.92414061951256,
	"sipm48": 77.84306603031912,
	"sipm49": 51.542014391504075,
	"sipm50": 63.13509923742508,
	"sipm51": 62.1761826281969,
	"sipm52": 47.75271384182865,
	"sipm53": 46.48732285987007
}