{
	"sipm0": 70.12430624548973,
	"sipm1": 62.441401920315066,
	"sipm2": 69.35688624660428,
	"sipm3": 83.52300081331211,
	"sipm4": 66.53360371610556,
	"sipm5": 66.24942807266112,
	"sipm6": 71.85238154531451,
	"sipm7": 54.91492838885114,
	"sipm8": 53.18640300532004,
	"sipm9": 73.21127910138807,
	"sipm10": 65.30485607440495,
	"sipm11": 51.38416882529602,
	"sipm12": 61.38995477803273,
	"sipm13": 65.78211157689218,
	"sipm14": 59.87963074411705,
	"sipm15": 60.38416882529603,
	"sipm16": 56.03644072088931,
	"sipm17": 71.44630299165107,
	"sipm18": 68.1761826281969,
	"sipm19": 83.38594517778249,
	"sipm20": 58.21650804128024,
	"sipm21": 63.07669473971864,
	"sipm22": 66.24905883393143,
	"sipm23": 38.29152731714653,
	"sipm24": 46.1868812291245,
	"sipm25": 54.93744181361452,
	"sipm26": 56.028655359634676,
	"sipm27": 75.50717530361453,
	"sipm28": 59.608822294554656,
	"sipm29": 60.499915942160115,
	"sipm30": 66.13785474734124,
	"sipm31": 57.78080267546105,
	"sipm32": 43.124306245489734,
	"sipm33": 57.0,
	"sipm34": 57.08721352563863,
	"sipm35": 66.71523450194242,
	"sipm36": 77.1761826281969,
	"sipm37": 67.44140192031506,
	"sipm38": 63.843066030319136,
	"sipm39": 62.939682269769015,
	"sipm40": 64.13785474734124,
	"sipm41": 53.446302991651066,
	"sipm42": 51.17206635492491,
	"sipm43": 39.37426098222166,
	"sipm44": 50.0364407208893,
	"sipm45": 81.06741322894304,
	"sipm46": 70.5747746697121,
	"sipm47": 61.75271384182866,
	"sipm48": 62.37882804160104,
	"sipm49": 67.93744181361453,
	"sipm50": 62.92414061951257,
	"sipm51": 63.17618262819691,
	"sipm52": 59.01634241530306,
	"sipm53": 49.500810431526524
}