{
	"sipm0": 51.66120338850495,
	"sipm1": 55.12430624548972,
	"sipm2": 61.24942807266112,
	"sipm3": 53.78211157689217,
	"sipm4": 70.14209076865815,
	"sipm5": 51.75271384182865,
	"sipm6": 58.50717530361453,
	"sipm7": 52.30485607440495,
	"sipm8": 52.25723222719313,
	"sipm9": 71.07669473971863,
	"sipm10": 45.57847290862292,
	"sipm11": 54.14209076865815,
	"sipm12": 39.602942129804546,
	"sipm13": 100.32267463902062,
	"sipm14": 73.54201439150408,
	"sipm15": 54.1868812291245,
	"sipm16": 56.821973629067585,
	"sipm17": 54.124306245489734,
	"sipm18": 48.60294212980454,
	"sipm19": 48.780802675461054,
	"sipm20": 55.14209076865815,
	"sipm21": 44.53360371610556,
	"sipm22": 68.44140192031506,
	"sipm23": 62.7525974817465,
	"sipm24": 64.30485607440497,
	"sipm25": 43.186881229124495,
	"sipm26": 44.12430624548973,
	"sipm27": 80.44140192031506,
	"sipm28": 50.50717530361453,
	"sipm29": 53.14209076865816,
	"sipm30": 59.021243486639065,
	"sipm31": 59.392460107184895,
	"sipm32": 91.51695791373842,
	"sipm33": 68.24942807266112,
	"sipm34": 39.25723222719314,
	"sipm35": 57.26354137465855,
	"sipm36": 70.13509923742508,
	"sipm37": 114.74566453096377,
	"sipm38": 49.02865535963466,
	"sipm39": 52.02865535963467,
	"sipm40": 65.12430624548972,
	"sipm41": 44.021243486639065,
	"sipm42": 52.487322859870076,
	"sipm43": 55.83534138127712,
	"sipm44": 59.30485607440497,
	"sipm45": 77.37426098222166,
	"sipm46": 57.135099237425074,
	"sipm47": 56.49783393910721,
	"sipm48": 44.78145640027918,
	"sipm49": 46.660599244854005,
	"sipm50": 51.38505370669672,
	"sipm51": 63.37426098222165,
	"sipm52": 44.939682269769015,
	"sipm53": 97.54170613828366
}