{
	"sipm0": 67.00713018464164,
	"sipm1": 44.83534138127712,
	"sipm2": 71.0,
	"sipm3": 77.1761826281969,
	"sipm4": 72.02124348663907,
	"sipm5": 54.629727665434324,
	"sipm6": 45.06930562266246,
	"sipm7": 62.629727665434324,
	"sipm8": 70.688585187342,
	"sipm9": 70.87963074411707,
	"sipm10": 49.186881229124495,
	"sipm11": 68.62972766543433,
	"sipm12": 74.38505370669672,
	"sipm13": 52.62602700095651,
	"sipm14": 55.13509923742508,
	"sipm15": 41.68858518734199,
	"sipm16": 59.48732285987007,
	"sipm17": 48.42323287904878,
	"sipm18": 50.626027000956526,
	"sipm19": 54.91297259243291,
	"sipm20": 50.142090768658136,
	"sipm21": 69.75271384182867,
	"sipm22": 51.71894744142317,
	"sipm23": 69.78080267546105,
	"sipm24": 47.00713018464164,
	"sipm25": 51.142755818677244,
	"sipm26": 63.87613691497114,
	"sipm27": 75.90081508685371,
	"sipm28": 45.90081508685371,
	"sipm29": 66.13509923742507,
	"sipm30": 70.1761826281969,
	"sipm31": 51.62972766543432,
	"sipm32": 70.1761826281969,
	"sipm33": 68.26354137465854,
	"sipm34": 76.06930562266245,
	"sipm35": 61.21650804128024,
	"sipm36": 58.87963074411706,
	"sipm37": 70.62972766543433,
	"sipm38": 48.02124348663907,
	"sipm39": 58.00713018464164,
	"sipm40": 54.42323287904878,
	"sipm41": 66.37208707080549,
	"sipm42": 38.876136914971156,
	"sipm43": 34.752597481746506,
	"sipm44": 49.03644072088932,
	"sipm45": 81.13509923742508,
	"sipm46": 51.24905883393142,
	"sipm47": 66.57596415339077,
	"sipm48": 64.87963074411705,
	"sipm49": 69.7525974817465,
	"sipm50": 72.04432835779104,
	"sipm51": 58.37426098222165,
	"sipm52": 79.2633598570541,
	"sipm53": 62.124306245489734
}