{
	"sipm0": 67.68790152995741,
	"sipm1": 50.87963074411705,
	"sipm2": 74.2633598570541,
	"sipm3": 83.79874478889448,
	"sipm4": 56.50717530361453,
	"sipm5": 52.42323287904879,
	"sipm6": 54.780802675461054,
	"sipm7": 51.44396737558546,
	"sipm8": 77.0,
	"sipm9": 78.87613691497114,
	"sipm10": 55.78080267546106,
	"sipm11": 73.23537391456611,
	"sipm12": 52.7525974817465,
	"sipm13": 52.25723222719313,
	"sipm14": 59.87963074411705,
	"sipm15": 67.02124348663908,
	"sipm16": 56.48732285987007,
	"sipm17": 60.263359857054105,
	"sipm18": 62.62602700095653,
	"sipm19": 52.521858985074424,
	"sipm20": 56.2633598570541,
	"sipm21": 53.95212656200056,
	"sipm22": 51.392460107184895,
	"sipm23": 64.75271384182865,
	"sipm24": 60.876136914971156,
	"sipm25": 48.2633598570541,
	"sipm26": 62.66120338850496,
	"sipm27": 79.78211157689218,
	"sipm28": 59.076694739718626,
	"sipm29": 57.26354137465855,
	"sipm30": 51.93744181361453,
	"sipm31": 65.49991594216011,
	"sipm32": 36.24905883393143,
	"sipm33": 57.3085392017979,
	"sipm34": 59.50717530361453,
	"sipm35": 66.50717530361453,
	"sipm36": 56.069305622662455,
	"sipm37": 66.87963074411705,
	"sipm38": 77.1868812291245,
	"sipm39": 41.356886246604276,
	"sipm40": 60.782111576892184,
	"sipm41": 53.3924601071849,
	"sipm42": 51.78211157689218,
	"sipm43": 57.441401920315066,
	"sipm44": 57.3085392017979,
	"sipm45": 79.87963074411705,
	"sipm46": 71.2633598570541,
	"sipm47": 52.91492838885114,
	"sipm48": 56.02124348663907,
	"sipm49": 52.602942129804546,
	"sipm50": 44.521858985074424,
	"sipm51": 57.26335985705409,
	"sipm52": 47.49991594216013,
	"sipm53": 65.00713018464162
}