{
	"sipm0": 56.067413228943025,
	"sipm1": 48.62602700095652,
	"sipm2": 49.021243486639065,
	"sipm3": 66.79874478889448,
	"sipm4": 77.14275581867724,
	"sipm5": 58.30485607440495,
	"sipm6": 65.37426098222164,
	"sipm7": 46.37208707080549,
	"sipm8": 72.13785474734124,
	"sipm9": 73.12430624548973,
	"sipm10": 71.80157246920263,
	"sipm11": 66.44140192031506,
	"sipm12": 69.57847290862293,
	"sipm13": 60.87963074411705,
	"sipm14": 35.46370700063572,
	"sipm15": 42.3085392017979,
	"sipm16": 66.68368411600599,
	"sipm17": 67.0364407208893,
	"sipm18": 74.79874478889448,
	"sipm19": 58.30485607440495,
	"sipm20": 71.78211157689218,
	"sipm21": 43.14209076865816,
	"sipm22": 55.35181138523053,
	"sipm23": 48.62972766543433,
	"sipm24": 52.02124348663908,
	"sipm25": 61.35574317044906,
	"sipm26": 37.87613691497114,
	"sipm27": 77.5747746697121,
	"sipm28": 60.37426098222165,
	"sipm29": 75.12430624548972,
	"sipm30": 68.21650804128024,
	"sipm31": 37.95212656200056,
	"sipm32": 69.30485607440495,
	"sipm33": 54.78211157689218,
	"sipm34": 58.52185898507444,
	"sipm35": 110.31777356768461,
	"sipm36": 67.54201439150407,
	"sipm37": 80.49991594216013,
	"sipm38": 68.21650804128024,
	"sipm39": 43.38505370669673,
	"sipm40": 67.12430624548972,
	"sipm41": 53.65174159821152,
	"sipm42": 71.14209076865815,
	"sipm43": 48.44140192031506,
	"sipm44": 60.14807319011162,
	"sipm45": 74.30485607440497,
	"sipm46": 70.14209076865815,
	"sipm47": 51.32757571035661,
	"sipm48": 46.5747746697121,
	"sipm49": 61.83441562597011,
	"sipm50": 53.752713841828665,
	"sipm51": 56.608822294554656,
	"sipm52": 45.050554022886736,
	"sipm53": 41.25223991498777
}