{
	"sipm0": 63.069305622662455,
	"sipm1": 50.87613691497114,
	"sipm2": 60.63935575821494,
	"sipm3": 41.48732285987007,
	"sipm4": 58.49991594216012,
	"sipm5": 35.83534138127712,
	"sipm6": 47.87613691497114,
	"sipm7": 37.38505370669672,
	"sipm8": 45.00713018464164,
	"sipm9": 67.49783393910721,
	"sipm10": 53.687901529957415,
	"sipm11": 57.49991594216013,
	"sipm12": 49.626027000956526,
	"sipm13": 54.3924601071849,
	"sipm14": 52.87613691497115,
	"sipm15": 30.374260982221656,
	"sipm16": 31.00713018464164,
	"sipm17": 39.71894744142318,
	"sipm18": 55.71894744142317,
	"sipm19": 56.37426098222165,
	"sipm20": 67.65174159821152,
	"sipm21": 49.14275581867723,
	"sipm22": 47.50717530361453,
	"sipm23": 52.629727665434324,
	"sipm24": 45.37208707080548,
	"sipm25": 48.54201439150407,
	"sipm26": 43.62602700095652,
	"sipm27": 46.37208707080549,
	"sipm28": 57.37208707080549,
	"sipm29": 32.254329143997126,
	"sipm30": 57.42323287904879,
	"sipm31": 49.02865535963466,
	"sipm32": 34.12909550366166,
	"sipm33": 41.68858518734199,
	"sipm34": 47.83534138127712,
	"sipm35": 41.14275581867724,
	"sipm36": 60.50717530361454,
	"sipm37": 58.069305622662455,
	"sipm38": 56.00713018464164,
	"sipm39": 59.651741598211515,
	"sipm40": 41.835341381277125,
	"sipm41": 51.021243486639065,
	"sipm42": 27.97799264087398,
	"sipm43": 38.30485607440497,
	"sipm44": 50.7525974817465,
	"sipm45": 44.0,
	"sipm46": 49.36064424178506,
	"sipm47": 51.392460107184895,
	"sipm48": 60.06930562266246,
	"sipm49": 62.124306245489734,
	"sipm50": 45.91297259243291,
	"sipm51": 54.780802675461054,
	"sipm52": 45.1761826281969,
	"sipm53": 45.937441813614534
}