{
	"sipm0": 68.49783393910721,
	"sipm1": 77.14209076865815,
	"sipm2": 40.78080267546106,
	"sipm3": 74.0364407208893,
	"sipm4": 48.044328357791045,
	"sipm5": 76.13509923742507,
	"sipm6": 72.42323287904878,
	"sipm7": 57.63935575821494,
	"sipm8": 61.5230008133121,
	"sipm9": 65.35574317044906,
	"sipm10": 83.07669473971863,
	"sipm11": 34.980112504488545,
	"sipm12": 74.30485607440497,
	"sipm13": 47.66059924485401,
	"sipm14": 44.308539201797906,
	"sipm15": 74.91297259243291,
	"sipm16": 47.5747746697121,
	"sipm17": 43.79767589790523,
	"sipm18": 77.79874478889448,
	"sipm19": 75.50717530361453,
	"sipm20": 53.21650804128024,
	"sipm21": 77.08721352563863,
	"sipm22": 59.646485942856586,
	"sipm23": 57.608822294554656,
	"sipm24": 58.79874478889449,
	"sipm25": 54.75271384182865,
	"sipm26": 66.50717530361453,
	"sipm27": 55.75280104064451,
	"sipm28": 66.7525974817465,
	"sipm29": 50.49991594216012,
	"sipm30": 42.356666651130965,
	"sipm31": 64.97799264087398,
	"sipm32": 56.62602700095652,
	"sipm33": 39.87613691497114,
	"sipm34": 43.87613691497114,
	"sipm35": 39.469387862803046,
	"sipm36": 59.01827066152035,
	"sipm37": 83.21127910138807,
	"sipm38": 49.36064424178506,
	"sipm39": 62.254329143997126,
	"sipm40": 45.52300081331211,
	"sipm41": 67.66550031619002,
	"sipm42": 65.9077982042095,
	"sipm43": 56.75280104064451,
	"sipm44": 65.42323287904878,
	"sipm45": 80.49991594216013,
	"sipm46": 54.35181138523053,
	"sipm47": 73.24942807266112,
	"sipm48": 67.66059924485401,
	"sipm49": 61.91297259243291,
	"sipm50": 57.90081508685371,
	"sipm51": 57.38594517778249,
	"sipm52": 65.03644072088932,
	"sipm53": 75.24942807266112
}