{
	"sipm0": 53.54201439150407,
	"sipm1": 51.392460107184895,
	"sipm2": 59.626027000956526,
	"sipm3": 54.25723222719314,
	"sipm4": 52.602942129804546,
	"sipm5": 43.12909550366166,
	"sipm6": 53.57477466971209,
	"sipm7": 53.21650804128024,
	"sipm8": 64.25223991498777,
	"sipm9": 62.66120338850496,
	"sipm10": 63.3924601071849,
	"sipm11": 35.17618262819691,
	"sipm12": 69.92414061951257,
	"sipm13": 73.65174159821152,
	"sipm14": 53.79874478889449,
	"sipm15": 55.79874478889448,
	"sipm16": 59.75271384182866,
	"sipm17": 50.70866138087739,
	"sipm18": 48.780802675461054,
	"sipm19": 69.93744181361453,
	"sipm20": 58.26354137465856,
	"sipm21": 68.87613691497114,
	"sipm22": 67.30485607440495,
	"sipm23": 65.91297259243291,
	"sipm24": 49.00713018464164,
	"sipm25": 59.84306603031912,
	"sipm26": 54.06930562266245,
	"sipm27": 86.53360371610556,
	"sipm28": 68.79874478889448,
	"sipm29": 57.441401920315066,
	"sipm30": 44.75271384182865,
	"sipm31": 51.75259748174649,
	"sipm32": 66.87613691497114,
	"sipm33": 52.97799264087397,
	"sipm34": 53.70866138087739,
	"sipm35": 37.87963074411705,
	"sipm36": 60.835341381277125,
	"sipm37": 44.24905883393144,
	"sipm38": 66.39246010718489,
	"sipm39": 45.78080267546105,
	"sipm40": 67.87613691497114,
	"sipm41": 71.35574317044906,
	"sipm42": 46.660599244854005,
	"sipm43": 57.95212656200055,
	"sipm44": 48.752713841828665,
	"sipm45": 72.87963074411707,
	"sipm46": 74.04432835779106,
	"sipm47": 51.9129725924329,
	"sipm48": 64.26354137465854,
	"sipm49": 52.65174159821151,
	"sipm50": 47.7525974817465,
	"sipm51": 66.9858039201865,
	"sipm52": 49.392460107184895,
	"sipm53": 37.91297259243291
}