{
	"sipm0": 81.13509923742508,
	"sipm1": 59.50717530361453,
	"sipm2": 61.87963074411706,
	"sipm3": 60.3924601071849,
	"sipm4": 80.93744181361453,
	"sipm5": 75.90081508685371,
	"sipm6": 45.0,
	"sipm7": 66.12909550366166,
	"sipm8": 49.385945177782496,
	"sipm9": 60.782111576892184,
	"sipm10": 58.71894744142318,
	"sipm11": 72.04432835779104,
	"sipm12": 74.87613691497114,
	"sipm13": 72.84306603031914,
	"sipm14": 71.30853920179791,
	"sipm15": 71.75259748174649,
	"sipm16": 46.38594517778249,
	"sipm17": 46.04432835779105,
	"sipm18": 100.54610665375422,
	"sipm19": 66.63935575821495,
	"sipm20": 56.385945177782496,
	"sipm21": 55.65174159821152,
	"sipm22": 41.49991594216012,
	"sipm23": 62.912972592432915,
	"sipm24": 70.02124348663907,
	"sipm25": 61.30485607440496,
	"sipm26": 59.1761826281969,
	"sipm27": 65.57847290862293,
	"sipm28": 65.42323287904878,
	"sipm29": 63.124306245489734,
	"sipm30": 57.186881229124495,
	"sipm31": 71.95212656200056,
	"sipm32": 66.83441562597011,
	"sipm33": 39.87613691497114,
	"sipm34": 61.843066030319136,
	"sipm35": 68.62972766543433,
	"sipm36": 64.7086613808774,
	"sipm37": 67.75271384182867,
	"sipm38": 68.90081508685371,
	"sipm39": 76.95212656200056,
	"sipm40": 72.91297259243291,
	"sipm41": 67.71894744142318,
	"sipm42": 68.62602700095653,
	"sipm43": 69.37426098222164,
	"sipm44": 31.75259748174649,
	"sipm45": 61.80157246920262,
	"sipm46": 62.78080267546105,
	"sipm47": 46.62602700095652,
	"sipm48": 61.1868812291245,
	"sipm49": 63.50717530361453,
	"sipm50": 65.62602700095653,
	"sipm51": 49.308539201797906,
	"sipm52": 57.11344528242958,
	"sipm53": 97.54170613828366
}