{
	"sipm0": 66.50717530361453,
	"sipm1": 57.14209076865815,
	"sipm2": 72.66120338850496,
	"sipm3": 80.99509892866399,
	"sipm4": 69.97710382687194,
	"sipm5": 70.50273501044322,
	"sipm6": 67.79767589790524,
	"sipm7": 51.87613691497114,
	"sipm8": 74.21127910138807,
	"sipm9": 44.7690579444299,
	"sipm10": 65.0,
	"sipm11": 63.08721352563863,
	"sipm12": 103.34575951017258,
	"sipm13": 61.38505370669672,
	"sipm14": 76.53360371610556,
	"sipm15": 61.66059924485401,
	"sipm16": 72.73904232266602,
	"sipm17": 65.52185898507443,
	"sipm18": 85.93968226976901,
	"sipm19": 85.34453295164764,
	"sipm20": 70.50717530361453,
	"sipm21": 76.24027498590212,
	"sipm22": 50.23537391456612,
	"sipm23": 83.66059924485401,
	"sipm24": 60.38416882529603,
	"sipm25": 53.683684116006,
	"sipm26": 64.66059924485401,
	"sipm27": 76.35181138523053,
	"sipm28": 62.2633598570541,
	"sipm29": 70.75271384182865,
	"sipm30": 61.38416882529602,
	"sipm31": 56.37208707080549,
	"sipm32": 59.90081508685372,
	"sipm33": 51.135099237425074,
	"sipm34": 56.385945177782496,
	"sipm35": 61.937441813614534,
	"sipm36": 77.38416882529602,
	"sipm37": 89.50227423227852,
	"sipm38": 74.12430624548973,
	"sipm39": 57.3924601071849,
	"sipm40": 46.66120338850495,
	"sipm41": 60.90081508685371,
	"sipm42": 66.5747746697121,
	"sipm43": 63.25223991498778,
	"sipm44": 68.38594517778249,
	"sipm45": 107.46834483090099,
	"sipm46": 62.38505370669672,
	"sipm47": 68.50717530361453,
	"sipm48": 74.44140192031506,
	"sipm49": 73.35688624660429,
	"sipm50": 57.29152731714654,
	"sipm51": 58.50227423227852,
	"sipm52": 69.03644072088932,
	"sipm53": 72.22126061256868
}