{
	"sipm0": 63.49991594216012,
	"sipm1": 43.5230008133121,
	"sipm2": 45.45930648516516,
	"sipm3": 67.83004608356214,
	"sipm4": 47.661203388504966,
	"sipm5": 46.87963074411705,
	"sipm6": 37.365086621112,
	"sipm7": 34.91297259243291,
	"sipm8": 34.71523450194242,
	"sipm9": 67.75271384182867,
	"sipm10": 35.30485607440497,
	"sipm11": 97.13295367600523,
	"sipm12": 41.161758109476935,
	"sipm13": 43.257232227193136,
	"sipm14": 44.91492838885113,
	"sipm15": 48.221238477343405,
	"sipm16": 53.718947441423175,
	"sipm17": 44.646485942856586,
	"sipm18": 52.2633598570541,
	"sipm19": 51.37426098222164,
	"sipm20": 42.32757571035661,
	"sipm21": 47.90081508685371,
	"sipm22": 37.15229218797772,
	"sipm23": 33.21650804128022,
	"sipm24": 46.95212656200056,
	"sipm25": 36.37426098222164,
	"sipm26": 42.044328357791045,
	"sipm27": 46.31650458201793,
	"sipm28": 37.462000375867575,
	"sipm29": 48.683684116006,
	"sipm30": 70.83534138127712,
	"sipm31": 45.021243486639065,
	"sipm32": 52.49501487082412,
	"sipm33": 39.69350195100655,
	"sipm34": 29.186881229124495,
	"sipm35": 47.113445282429566,
	"sipm36": 30.501528103352612,
	"sipm37": 38.665500316190005,
	"sipm38": 43.995098928664,
	"sipm39": 40.821973629067585,
	"sipm40": 53.537113320168075,
	"sipm41": 34.39890423513643,
	"sipm42": 39.752713841828665,
	"sipm43": 46.80157246920262,
	"sipm44": 50.7525974817465,
	"sipm45": 47.71894744142317,
	"sipm46": 62.46370700063573,
	"sipm47": 47.661203388504966,
	"sipm48": 43.44630299165106,
	"sipm49": 53.65174159821152,
	"sipm50": 51.356886246604276,
	"sipm51": 51.075956864724276,
	"sipm52": 34.29152731714653,
	"sipm53": 17.25723222719313
}