{
	"sipm0": 58.044328357791045,
	"sipm1": 105.86451123001068,
	"sipm2": -27.538772305280474,
	"sipm3": 83.93744181361453,
	"sipm4": 63.14209076865815,
	"sipm5": 71.00713018464164,
	"sipm6": 73.07669473971863,
	"sipm7": 59.626027000956526,
	"sipm8": 69.37208707080549,
	"sipm9": 65.80157246920263,
	"sipm10": 74.04432835779106,
	"sipm11": 46.142755818677244,
	"sipm12": 54.26335985705409,
	"sipm13": 69.66120338850496,
	"sipm14": 56.3924601071849,
	"sipm15": 53.57596415339077,
	"sipm16": 61.602942129804546,
	"sipm17": 67.87613691497114,
	"sipm18": 66.66120338850496,
	"sipm19": 51.24905883393142,
	"sipm20": 61.02124348663908,
	"sipm21": 73.37426098222164,
	"sipm22": 67.2633598570541,
	"sipm23": 65.3859451777825,
	"sipm24": 47.26335985705409,
	"sipm25": 63.124306245489734,
	"sipm26": 54.70866138087739,
	"sipm27": 51.90081508685371,
	"sipm28": 60.937441813614534,
	"sipm29": 101.45448672392398,
	"sipm30": 104.0823996531185,
	"sipm31": 63.78080267546105,
	"sipm32": 51.57847290862293,
	"sipm33": 47.076694739718626,
	"sipm34": 59.70866138087739,
	"sipm35": 47.608822294554656,
	"sipm36": 57.50717530361453,
	"sipm37": 41.30485607440496,
	"sipm38": 50.90779820420949,
	"sipm39": 51.499915942160115,
	"sipm40": 66.0,
	"sipm41": 56.50717530361453,
	"sipm42": 41.48732285987007,
	"sipm43": 42.38505370669672,
	"sipm44": 50.30485607440495,
	"sipm45": 64.78211157689218,
	"sipm46": 103.83511349494715,
	"sipm47": 71.24942807266112,
	"sipm48": 53.186881229124495,
	"sipm49": 59.00713018464164,
	"sipm50": 51.75271384182865,
	"sipm51": 54.5747746697121,
	"sipm52": 54.14209076865815,
	"sipm53": 66.2633598570541
}