{
	"sipm0": 53.78211157689217,
	"sipm1": 59.626027000956526,
	"sipm2": 62.02124348663908,
	"sipm3": 66.78080267546105,
	"sipm4": 73.01827066152035,
	"sipm5": 69.92805778675563,
	"sipm6": 74.25723222719314,
	"sipm7": 58.02124348663907,
	"sipm8": 107.74299889797251,
	"sipm9": 60.14275581867724,
	"sipm10": 69.2633598570541,
	"sipm11": 69.75271384182867,
	"sipm12": 64.97799264087398,
	"sipm13": 60.3924601071849,
	"sipm14": 64.52300081331211,
	"sipm15": 73.52185898507443,
	"sipm16": 58.263359857054105,
	"sipm17": 71.87963074411705,
	"sipm18": 86.53360371610556,
	"sipm19": 68.71523450194243,
	"sipm20": 81.44140192031506,
	"sipm21": 71.26354137465856,
	"sipm22": 57.37208707080549,
	"sipm23": 68.95212656200056,
	"sipm24": 66.90081508685371,
	"sipm25": 58.952126562000565,
	"sipm26": 57.50717530361453,
	"sipm27": 70.2633598570541,
	"sipm28": 63.249058833931436,
	"sipm29": 65.62602700095653,
	"sipm30": 88.37882804160104,
	"sipm31": 45.263541374658544,
	"sipm32": 76.5747746697121,
	"sipm33": 67.02124348663908,
	"sipm34": 45.18688122912451,
	"sipm35": 71.5747746697121,
	"sipm36": 72.18688122912451,
	"sipm37": 73.52185898507443,
	"sipm38": 75.50717530361453,
	"sipm39": 64.24905883393143,
	"sipm40": 67.13509923742507,
	"sipm41": 67.44140192031506,
	"sipm42": 67.65174159821152,
	"sipm43": 59.57596415339077,
	"sipm44": 64.37426098222166,
	"sipm45": 94.21160696994423,
	"sipm46": 82.93968226976902,
	"sipm47": 64.48732285987006,
	"sipm48": 63.90081508685371,
	"sipm49": 72.50717530361453,
	"sipm50": 76.62602700095653,
	"sipm51": 54.26335985705409,
	"sipm52": 47.52185898507443,
	"sipm53": 70.3924601071849
}