{
	"sipm0": 57.396970671379584,
	"sipm1": 37.37208707080548,
	"sipm2": 37.17605913259959,
	"sipm3": 35.18114172154006,
	"sipm4": 44.36064424178507,
	"sipm5": 37.26844244599455,
	"sipm6": 39.45930648516516,
	"sipm7": 34.13509923742507,
	"sipm8": 27.95702763333655,
	"sipm9": 69.13509923742508,
	"sipm10": 27.410533214652702,
	"sipm11": 91.1729594743205,
	"sipm12": 40.995520670073915,
	"sipm13": 41.25223991498777,
	"sipm14": 41.56225043767044,
	"sipm15": 42.15297426144761,
	"sipm16": 46.129207316825735,
	"sipm17": 26.521092697762953,
	"sipm18": 42.665334490914105,
	"sipm19": 43.546284524107634,
	"sipm20": 19.69481085243767,
	"sipm21": 43.3969706713796,
	"sipm22": 35.46200037586759,
	"sipm23": 27.54201439150407,
	"sipm24": 38.02614455797507,
	"sipm25": 38.44140192031506,
	"sipm26": 22.00481387252013,
	"sipm27": 44.755765305864614,
	"sipm28": 32.161758109476935,
	"sipm29": 43.65174159821153,
	"sipm30": 63.316504582017934,
	"sipm31": 41.57847290862293,
	"sipm32": 45.79874478889449,
	"sipm33": 33.82806418408225,
	"sipm34": 23.34660835064315,
	"sipm35": 38.08159581105464,
	"sipm36": 27.227292062088566,
	"sipm37": 36.365086621112,
	"sipm38": 35.39246010718492,
	"sipm39": 31.830074840524063,
	"sipm40": 42.95212656200055,
	"sipm41": 17.71894744142317,
	"sipm42": 24.138860959450184,
	"sipm43": 40.78921335085956,
	"sipm44": 44.18640300532003,
	"sipm45": 39.116740589887726,
	"sipm46": 51.66541311737416,
	"sipm47": 37.935784146697486,
	"sipm48": 38.34823881608877,
	"sipm49": 49.48732285987007,
	"sipm50": 40.356666651130965,
	"sipm51": 44.37548088800783,
	"sipm52": 29.57329852039952,
	"sipm53": 11.365086621111999
}