{
	"sipm0": 62.80157246920262,
	"sipm1": 61.49991594216013,
	"sipm2": 102.86320232857955,
	"sipm3": 48.45930648516516,
	"sipm4": 38.62972766543433,
	"sipm5": 87.13785474734124,
	"sipm6": 45.90779820420949,
	"sipm7": 61.30485607440496,
	"sipm8": 56.95212656200056,
	"sipm9": 53.01827066152035,
	"sipm10": 51.12909550366167,
	"sipm11": 77.25723222719313,
	"sipm12": 53.144172771711055,
	"sipm13": 42.942914331339125,
	"sipm14": 87.90825346352469,
	"sipm15": 24.749933969798704,
	"sipm16": 63.02865535963467,
	"sipm17": 55.02865535963467,
	"sipm18": 64.60882229455466,
	"sipm19": 44.45930648516516,
	"sipm20": 94.02531398445763,
	"sipm21": 32.48732285987006,
	"sipm22": 54.13509923742508,
	"sipm23": 41.06930562266245,
	"sipm24": 32.57329852039952,
	"sipm25": 62.14417277171106,
	"sipm26": 53.54628452410765,
	"sipm27": 77.95212656200056,
	"sipm28": 42.50717530361453,
	"sipm29": 35.646554603955394,
	"sipm30": 53.7525974817465,
	"sipm31": 53.463707000635736,
	"sipm32": 27.026144557975073,
	"sipm33": 29.801572469202625,
	"sipm34": 60.02865535963467,
	"sipm35": 53.62602700095652,
	"sipm36": 123.09384099708555,
	"sipm37": 42.186881229124495,
	"sipm38": 44.24027498590211,
	"sipm39": 58.687901529957415,
	"sipm40": 37.15229218797772,
	"sipm41": 32.15229218797772,
	"sipm42": 34.186881229124495,
	"sipm43": 52.2633598570541,
	"sipm44": 51.71894744142317,
	"sipm45": 54.38505370669672,
	"sipm46": 56.95212656200056,
	"sipm47": 39.081595811054626,
	"sipm48": 90.32757571035661,
	"sipm49": 43.44630299165106,
	"sipm50": 16.245176057238112,
	"sipm51": 30.374260982221656,
	"sipm52": 34.01827066152033,
	"sipm53": 67.02124348663908
}