{
	"sipm0": 60.66120338850496,
	"sipm1": 54.12909550366166,
	"sipm2": 55.37208707080548,
	"sipm3": 67.35181138523055,
	"sipm4": 47.39697067137959,
	"sipm5": 46.26844244599455,
	"sipm6": 55.715234501942426,
	"sipm7": 55.252239914987776,
	"sipm8": 35.71037517345073,
	"sipm9": 62.172066354924894,
	"sipm10": 63.78080267546105,
	"sipm11": 64.55918521840209,
	"sipm12": 46.97710382687194,
	"sipm13": 48.86940196632833,
	"sipm14": 57.0364407208893,
	"sipm15": 41.06930562266245,
	"sipm16": 64.44630299165107,
	"sipm17": 52.65664266954753,
	"sipm18": 79.02124348663907,
	"sipm19": 64.48732285987006,
	"sipm20": 60.35666665113096,
	"sipm21": 49.50481701349614,
	"sipm22": 34.50481701349612,
	"sipm23": 56.499915942160115,
	"sipm24": 57.02865535963467,
	"sipm25": 37.935784146697486,
	"sipm26": 2.4612276947195255,
	"sipm27": 52.845658133637144,
	"sipm28": 64.57847290862293,
	"sipm29": 45.30975714574095,
	"sipm30": 58.91492838885114,
	"sipm31": 35.852381545314515,
	"sipm32": 47.50481701349614,
	"sipm33": 33.95066607635174,
	"sipm34": 42.35181138523054,
	"sipm35": 67.65664266954752,
	"sipm36": 58.069305622662455,
	"sipm37": 78.42323287904878,
	"sipm38": 57.48732285987006,
	"sipm39": 30.075956864724276,
	"sipm40": 36.43455826061992,
	"sipm41": 32.0,
	"sipm42": 41.04922942912706,
	"sipm43": 33.298644453327995,
	"sipm44": 33.845658133637144,
	"sipm45": 78.42323287904878,
	"sipm46": 54.459306485165165,
	"sipm47": 49.55918521840208,
	"sipm48": 40.14807319011162,
	"sipm49": 78.42323287904878,
	"sipm50": 53.257232227193136,
	"sipm51": 47.39697067137959,
	"sipm52": 37.14807319011162,
	"sipm53": 41.247198959355494
}