{
	"sipm0": 58.97710382687194,
	"sipm1": 48.92904169084858,
	"sipm2": 49.75437426297001,
	"sipm3": 53.463707000635736,
	"sipm4": 52.34660835064315,
	"sipm5": 72.35181138523055,
	"sipm6": 66.54201439150407,
	"sipm7": 57.66610445984095,
	"sipm8": 34.35181138523055,
	"sipm9": 51.46938786280304,
	"sipm10": 65.82197362906759,
	"sipm11": 46.15229218797772,
	"sipm12": 66.56225043767046,
	"sipm13": 42.25223991498777,
	"sipm14": 59.97710382687194,
	"sipm15": 54.90081508685371,
	"sipm16": 49.36064424178506,
	"sipm17": 47.91492838885113,
	"sipm18": 31.66550031619002,
	"sipm19": 63.25223991498778,
	"sipm20": 44.252239914987776,
	"sipm21": 58.247198959355494,
	"sipm22": 64.35666665113096,
	"sipm23": 36.35666665113095,
	"sipm24": 51.446302991651066,
	"sipm25": 26.872925162452376,
	"sipm26": 55.3969706713796,
	"sipm27": 60.54628452410765,
	"sipm28": 108.86385605339768,
	"sipm29": 44.57847290862293,
	"sipm30": 45.76905794442992,
	"sipm31": 54.68790152995742,
	"sipm32": 46.687901529957415,
	"sipm33": 59.980112504488545,
	"sipm34": 55.186403005320045,
	"sipm35": 54.75437426297001,
	"sipm36": 60.54628452410765,
	"sipm37": 114.07749858178249,
	"sipm38": 46.15229218797772,
	"sipm39": 47.050554022886736,
	"sipm40": 43.257232227193136,
	"sipm41": 36.446302991651066,
	"sipm42": 61.85014108916003,
	"sipm43": 36.222729738173854,
	"sipm44": 58.08159581105464,
	"sipm45": 44.665500316190005,
	"sipm46": 46.872925162452376,
	"sipm47": 40.17206635492491,
	"sipm48": 62.66533449091412,
	"sipm49": 61.65664266954752,
	"sipm50": 46.37208707080549,
	"sipm51": 62.254329143997126,
	"sipm52": 56.36064424178507,
	"sipm53": 58.25223991498777
}