{
	"sipm0": 47.02614455797507,
	"sipm1": 53.35181138523055,
	"sipm2": 44.499915942160115,
	"sipm3": 54.29152731714654,
	"sipm4": 50.69415567582469,
	"sipm5": 51.20103639747101,
	"sipm6": 63.45930648516516,
	"sipm7": 43.576674401320915,
	"sipm8": 44.95702763333655,
	"sipm9": 65.54628452410765,
	"sipm10": 52.25723222719313,
	"sipm11": 49.57847290862293,
	"sipm12": 62.665296757292005,
	"sipm13": 62.07595686472428,
	"sipm14": 93.47235443115122,
	"sipm15": 57.576674401320915,
	"sipm16": 56.132944761331615,
	"sipm17": 31.410533214652716,
	"sipm18": 49.57847290862293,
	"sipm19": 67.06930562266245,
	"sipm20": 61.62602700095654,
	"sipm21": 51.31650458201794,
	"sipm22": 31.481505709931753,
	"sipm23": 100.99732804196964,
	"sipm24": 53.25432914399713,
	"sipm25": 45.050554022886736,
	"sipm26": 61.12920731682573,
	"sipm27": 56.14417277171108,
	"sipm28": 67.5732985203995,
	"sipm29": 59.54201439150408,
	"sipm30": 55.15229218797772,
	"sipm31": 58.20757347444084,
	"sipm32": 39.48747394525759,
	"sipm33": 51.09055982120201,
	"sipm34": 58.15229218797772,
	"sipm35": 57.018270661520354,
	"sipm36": 68.84565813363714,
	"sipm37": 56.935784146697486,
	"sipm38": 56.942914331339125,
	"sipm39": 56.75576530586463,
	"sipm40": 64.56225043767044,
	"sipm41": 51.48747394525759,
	"sipm42": 54.60882229455465,
	"sipm43": 105.86451123001068,
	"sipm44": 20.665413117374158,
	"sipm45": 57.914928388851145,
	"sipm46": 35.646554603955394,
	"sipm47": 40.356666651130965,
	"sipm48": 46.129207316825735,
	"sipm49": 53.291527317146546,
	"sipm50": 32.75761491316466,
	"sipm51": 29.247198959355487,
	"sipm52": 40.17206635492491,
	"sipm53": 55.92904169084858
}