{
	"sipm0": 59.71523450194242,
	"sipm1": 48.37208707080548,
	"sipm2": 54.42323287904878,
	"sipm3": 42.186881229124495,
	"sipm4": 55.83534138127712,
	"sipm5": 32.929041690848564,
	"sipm6": 41.356666651130965,
	"sipm7": 28.129207316825728,
	"sipm8": 37.56225043767046,
	"sipm9": 58.0364407208893,
	"sipm10": 53.79767589790523,
	"sipm11": 53.01827066152035,
	"sipm12": 44.252239914987776,
	"sipm13": 47.715234501942426,
	"sipm14": 45.14807319011162,
	"sipm15": 29.385053706696723,
	"sipm16": 24.821973629067585,
	"sipm17": 33.852381545314515,
	"sipm18": 56.1868812291245,
	"sipm19": 51.14417277171107,
	"sipm20": 58.14807319011162,
	"sipm21": 46.18640300532003,
	"sipm22": 40.546284524107634,
	"sipm23": 45.14807319011162,
	"sipm24": 40.7471149015156,
	"sipm25": 40.98011250448854,
	"sipm26": 42.38505370669672,
	"sipm27": 41.04922942912706,
	"sipm28": 55.14417277171106,
	"sipm29": 31.546284524107648,
	"sipm30": 53.291527317146546,
	"sipm31": 39.869401966328326,
	"sipm32": 26.755765305864614,
	"sipm33": 42.372087070805485,
	"sipm34": 42.24719895935549,
	"sipm35": 34.78921335085957,
	"sipm36": 57.801572469202625,
	"sipm37": 52.34660835064315,
	"sipm38": 45.88453181545306,
	"sipm39": 51.872925162452376,
	"sipm40": 33.38995477803273,
	"sipm41": 50.42323287904878,
	"sipm42": 21.57596415339077,
	"sipm43": 38.78080267546105,
	"sipm44": 47.48732285987006,
	"sipm45": 40.914928388851145,
	"sipm46": 44.78921335085957,
	"sipm47": 44.50273501044322,
	"sipm48": 54.14807319011162,
	"sipm49": 51.66533449091411,
	"sipm50": 37.45930648516516,
	"sipm51": 50.608822294554656,
	"sipm52": 36.05055402288673,
	"sipm53": 36.08159581105464
}