{
	"sipm0": 54.85238154531452,
	"sipm1": 68.50273501044322,
	"sipm2": 46.0364407208893,
	"sipm3": 55.11674058988772,
	"sipm4": 116.12182693957354,
	"sipm5": 47.821973629067585,
	"sipm6": 30.34823881608878,
	"sipm7": 44.22272973817387,
	"sipm8": 67.62972766543433,
	"sipm9": 51.97710382687194,
	"sipm10": 64.48732285987006,
	"sipm11": 47.92904169084857,
	"sipm12": 45.35181138523055,
	"sipm13": 51.03593596268253,
	"sipm14": 52.389954778032724,
	"sipm15": 60.469387862803046,
	"sipm16": 48.01827066152034,
	"sipm17": 57.252239914987776,
	"sipm18": 58.79767589790523,
	"sipm19": 78.54201439150408,
	"sipm20": 43.82197362906759,
	"sipm21": 65.25223991498777,
	"sipm22": 110.61600336922406,
	"sipm23": 98.16399546417313,
	"sipm24": 50.71523450194242,
	"sipm25": 26.04487485726071,
	"sipm26": 31.88453181545306,
	"sipm27": 69.78921335085957,
	"sipm28": 42.54628452410765,
	"sipm29": 62.35181138523053,
	"sipm30": 54.389954778032724,
	"sipm31": 50.356666651130965,
	"sipm32": 55.21755534995045,
	"sipm33": 62.782111576892184,
	"sipm34": 36.38995477803273,
	"sipm35": 64.71894744142317,
	"sipm36": 60.75761491316465,
	"sipm37": 58.29152731714653,
	"sipm38": 63.57847290862293,
	"sipm39": 43.75761491316466,
	"sipm40": 43.949112903955886,
	"sipm41": 61.26213329852914,
	"sipm42": 51.18640300532003,
	"sipm43": 41.687901529957415,
	"sipm44": 29.830074840524077,
	"sipm45": 50.316504582017934,
	"sipm46": 80.87963074411705,
	"sipm47": 38.57847290862291,
	"sipm48": 27.501528103352626,
	"sipm49": 51.372087070805485,
	"sipm50": 56.1868812291245,
	"sipm51": 42.90081508685371,
	"sipm52": 36.142755818677244,
	"sipm53": 31.97710382687194
}