{
	"sipm0": 57.396970671379584,
	"sipm1": 67.01827066152035,
	"sipm2": 55.50717530361453,
	"sipm3": 65.66120338850496,
	"sipm4": 62.142755818677244,
	"sipm5": 58.30485607440495,
	"sipm6": 59.688585187342,
	"sipm7": 39.801572469202625,
	"sipm8": 61.25223991498777,
	"sipm9": 80.37426098222164,
	"sipm10": 60.12430624548972,
	"sipm11": 55.56225043767045,
	"sipm12": 55.85014108916002,
	"sipm13": 69.85014108916003,
	"sipm14": 75.65174159821153,
	"sipm15": 65.83534138127712,
	"sipm16": 66.25723222719313,
	"sipm17": 46.83534138127713,
	"sipm18": 62.186881229124495,
	"sipm19": 49.25223991498777,
	"sipm20": 53.25223991498777,
	"sipm21": 65.14275581867724,
	"sipm22": 53.4874739452576,
	"sipm23": 51.45930648516516,
	"sipm24": 112.14680420444495,
	"sipm25": 56.389954778032724,
	"sipm26": 55.95066607635173,
	"sipm27": 74.52185898507443,
	"sipm28": 84.49783393910721,
	"sipm29": 59.45930648516516,
	"sipm30": 51.46370700063573,
	"sipm31": 106.92546568343762,
	"sipm32": 53.02865535963467,
	"sipm33": 48.79767589790523,
	"sipm34": 50.66550031619002,
	"sipm35": 36.222729738173854,
	"sipm36": 69.62602700095653,
	"sipm37": 60.29152731714654,
	"sipm38": 90.66326487784526,
	"sipm39": 54.398501915708195,
	"sipm40": 46.18640300532003,
	"sipm41": 51.68858518734199,
	"sipm42": 55.0,
	"sipm43": 59.90081508685372,
	"sipm44": 55.68790152995741,
	"sipm45": 65.37426098222164,
	"sipm46": 72.24719895935549,
	"sipm47": 58.028655359634676,
	"sipm48": 67.38505370669674,
	"sipm49": 62.93744181361453,
	"sipm50": 51.04922942912706,
	"sipm51": 43.57847290862291,
	"sipm52": 54.25723222719314,
	"sipm53": 44.97710382687194
}