{
	"sipm0": 43.69415567582469,
	"sipm1": 53.42323287904878,
	"sipm2": 51.66550031619001,
	"sipm3": 48.688585187342,
	"sipm4": 65.39697067137959,
	"sipm5": 47.797675897905236,
	"sipm6": 55.24027498590212,
	"sipm7": 49.57847290862293,
	"sipm8": 49.08159581105463,
	"sipm9": 68.00713018464164,
	"sipm10": 45.36064424178506,
	"sipm11": 46.46200037586759,
	"sipm12": 37.0364407208893,
	"sipm13": 95.15835651784278,
	"sipm14": 73.66120338850496,
	"sipm15": 50.29152731714654,
	"sipm16": 52.222729738173875,
	"sipm17": 47.050554022886736,
	"sipm18": 45.396970671379584,
	"sipm19": 45.0364407208893,
	"sipm20": 49.152292187977714,
	"sipm21": 42.21650804128023,
	"sipm22": 64.78080267546105,
	"sipm23": 49.34823881608879,
	"sipm24": 58.84796710165513,
	"sipm25": 42.48732285987006,
	"sipm26": 36.94911290395589,
	"sipm27": 77.62972766543433,
	"sipm28": 44.7690579444299,
	"sipm29": 53.14209076865816,
	"sipm30": 54.71523450194242,
	"sipm31": 55.48732285987006,
	"sipm32": 88.22126061256868,
	"sipm33": 65.62602700095653,
	"sipm34": 37.797675897905236,
	"sipm35": 51.57847290862293,
	"sipm36": 62.254329143997126,
	"sipm37": 87.44396737558546,
	"sipm38": 48.12909550366166,
	"sipm39": 54.629727665434324,
	"sipm40": 59.39697067137959,
	"sipm41": 38.45930648516514,
	"sipm42": 49.608822294554656,
	"sipm43": 55.60294212980454,
	"sipm44": 51.694155675824696,
	"sipm45": 75.18688122912451,
	"sipm46": 52.24027498590211,
	"sipm47": 52.24905883393143,
	"sipm48": 32.94911290395589,
	"sipm49": 37.18640300532003,
	"sipm50": 46.71523450194241,
	"sipm51": 59.80157246920262,
	"sipm52": 34.25223991498778,
	"sipm53": 93.28997312755934
}