{
	"sipm0": 59.1760591325996,
	"sipm1": 67.66550031619002,
	"sipm2": 55.45930648516516,
	"sipm3": 40.17624065020405,
	"sipm4": 40.74993396979871,
	"sipm5": 50.356666651130965,
	"sipm6": 31.39697067137959,
	"sipm7": 37.028655359634655,
	"sipm8": 41.95212656200056,
	"sipm9": 57.71523450194242,
	"sipm10": 57.821973629067585,
	"sipm11": 65.50717530361453,
	"sipm12": 62.124306245489734,
	"sipm13": 43.69415567582469,
	"sipm14": 44.78921335085957,
	"sipm15": 47.39697067137959,
	"sipm16": 29.9077982042095,
	"sipm17": 38.25223991498777,
	"sipm18": 55.747114901515616,
	"sipm19": 68.60882229455466,
	"sipm20": 24.781996741482516,
	"sipm21": 48.69481085243768,
	"sipm22": 32.207573474440835,
	"sipm23": 35.09055982120199,
	"sipm24": 56.11344528242957,
	"sipm25": 29.52185898507443,
	"sipm26": 46.90081508685371,
	"sipm27": 66.95702763333655,
	"sipm28": 59.93394276218458,
	"sipm29": 51.57847290862293,
	"sipm30": 34.74764643044364,
	"sipm31": 27.559185218402078,
	"sipm32": 47.38995477803273,
	"sipm33": 23.66533449091412,
	"sipm34": 16.375480888007814,
	"sipm35": 42.14417277171106,
	"sipm36": 55.852381545314515,
	"sipm37": 66.95066607635174,
	"sipm38": 62.39697067137959,
	"sipm39": 59.446302991651066,
	"sipm40": 62.08159581105463,
	"sipm41": 40.90081508685371,
	"sipm42": 28.872925162452376,
	"sipm43": 29.31650458201794,
	"sipm44": 48.263541374658544,
	"sipm45": 59.97799264087398,
	"sipm46": 57.25723222719313,
	"sipm47": 58.38505370669674,
	"sipm48": 49.38505370669672,
	"sipm49": 38.469387862803046,
	"sipm50": 53.298644453327995,
	"sipm51": 25.43851915714069,
	"sipm52": 38.907798204209485,
	"sipm53": 40.36064424178506
}