{
	"sipm0": 57.86940196632834,
	"sipm1": 56.46370700063572,
	"sipm2": 50.83007484052408,
	"sipm3": 77.48732285987006,
	"sipm4": 51.365086621112,
	"sipm5": 51.75576530586463,
	"sipm6": 67.69481085243768,
	"sipm7": 49.17206635492491,
	"sipm8": 53.50273501044322,
	"sipm9": 57.02614455797509,
	"sipm10": 61.29152731714653,
	"sipm11": 39.50273501044322,
	"sipm12": 56.85361079910831,
	"sipm13": 52.4874739452576,
	"sipm14": 50.17206635492491,
	"sipm15": 47.15229218797772,
	"sipm16": 48.957027633336565,
	"sipm17": 61.07881509017088,
	"sipm18": 60.50273501044321,
	"sipm19": 74.18640300532005,
	"sipm20": 53.876136914971156,
	"sipm21": 53.50273501044322,
	"sipm22": 52.078539965374716,
	"sipm23": 33.207573474440835,
	"sipm24": 32.21755534995046,
	"sipm25": 43.24719895935549,
	"sipm26": 42.284786346351,
	"sipm27": 70.39697067137959,
	"sipm28": 55.50481701349612,
	"sipm29": 47.781996741482516,
	"sipm30": 45.32879477041013,
	"sipm31": 52.35666665113096,
	"sipm32": 29.245176057238112,
	"sipm33": 45.845658133637144,
	"sipm34": 48.37208707080548,
	"sipm35": 66.29152731714653,
	"sipm36": 62.348238816088774,
	"sipm37": 56.75437426297002,
	"sipm38": 57.24027498590212,
	"sipm39": 48.852381545314515,
	"sipm40": 45.39850191570819,
	"sipm41": 55.50273501044322,
	"sipm42": 53.76905794442992,
	"sipm43": 31.247198959355487,
	"sipm44": 45.69415567582469,
	"sipm45": 64.04487485726072,
	"sipm46": 60.04922942912707,
	"sipm47": 51.75761491316466,
	"sipm48": 58.92414061951257,
	"sipm49": 55.26844244599455,
	"sipm50": 52.71523450194242,
	"sipm51": 51.22272973817387,
	"sipm52": 49.14209076865815,
	"sipm53": 35.26844244599455
}