{
	"sipm0": 80.24905883393143,
	"sipm1": 58.54201439150408,
	"sipm2": 49.935784146697486,
	"sipm3": 52.97710382687195,
	"sipm4": 72.79767589790524,
	"sipm5": 64.95702763333657,
	"sipm6": 37.34660835064315,
	"sipm7": 62.14807319011162,
	"sipm8": 39.872925162452376,
	"sipm9": 44.33841250537563,
	"sipm10": 55.715234501942426,
	"sipm11": 64.18640300532005,
	"sipm12": 72.71894744142317,
	"sipm13": 58.576674401320915,
	"sipm14": 67.18688122912451,
	"sipm15": 63.546284524107634,
	"sipm16": 36.7690579444299,
	"sipm17": 39.68790152995743,
	"sipm18": 82.97799264087398,
	"sipm19": 58.463707000635736,
	"sipm20": 54.78211157689218,
	"sipm21": 49.14417277171107,
	"sipm22": 36.0364407208893,
	"sipm23": 52.07595686472429,
	"sipm24": 71.24905883393143,
	"sipm25": 51.48747394525759,
	"sipm26": 51.821973629067585,
	"sipm27": 62.34660835064315,
	"sipm28": 57.5993573672104,
	"sipm29": 60.14275581867724,
	"sipm30": 54.797675897905236,
	"sipm31": 63.20757347444085,
	"sipm32": 57.25723222719313,
	"sipm33": 31.365086621112,
	"sipm34": 51.54628452410764,
	"sipm35": 58.481505709931746,
	"sipm36": 61.38505370669672,
	"sipm37": 60.14807319011162,
	"sipm38": 62.9491129039559,
	"sipm39": 62.284786346350984,
	"sipm40": 69.54201439150407,
	"sipm41": 72.17618262819691,
	"sipm42": 65.60294212980455,
	"sipm43": 65.688585187342,
	"sipm44": 16.014460894519004,
	"sipm45": 58.872925162452376,
	"sipm46": 54.59935736721039,
	"sipm47": 37.852381545314515,
	"sipm48": 51.04487485726072,
	"sipm49": 54.59935736721039,
	"sipm50": 61.35181138523054,
	"sipm51": 41.08159581105463,
	"sipm52": 53.62972766543433,
	"sipm53": 93.84001456628314
}