{
	"sipm0": 59.25223991498777,
	"sipm1": 73.9077982042095,
	"sipm2": 32.5993573672104,
	"sipm3": 73.29152731714653,
	"sipm4": 44.66120338850495,
	"sipm5": 71.35181138523055,
	"sipm6": 68.39697067137959,
	"sipm7": 45.54628452410765,
	"sipm8": 51.76905794442992,
	"sipm9": 58.069305622662455,
	"sipm10": 76.71894744142317,
	"sipm11": 40.57596415339077,
	"sipm12": 67.17206635492491,
	"sipm13": 41.60294212980454,
	"sipm14": 40.42323287904879,
	"sipm15": 71.90081508685371,
	"sipm16": 36.26844244599455,
	"sipm17": 40.949112903955886,
	"sipm18": 65.07595686472428,
	"sipm19": 67.26844244599457,
	"sipm20": 51.308539201797906,
	"sipm21": 67.12909550366166,
	"sipm22": 50.463707000635736,
	"sipm23": 49.07853996537473,
	"sipm24": 52.372087070805485,
	"sipm25": 49.18640300532003,
	"sipm26": 58.462000375867596,
	"sipm27": 45.71894744142317,
	"sipm28": 63.14275581867724,
	"sipm29": 48.90081508685371,
	"sipm30": 43.608822294554656,
	"sipm31": 55.15229218797772,
	"sipm32": 56.62602700095652,
	"sipm33": 36.35181138523053,
	"sipm34": 36.94911290395589,
	"sipm35": 31.86940196632834,
	"sipm36": 56.872925162452376,
	"sipm37": 78.62602700095653,
	"sipm38": 47.356666651130965,
	"sipm39": 62.872925162452376,
	"sipm40": 33.852381545314515,
	"sipm41": 62.221238477343405,
	"sipm42": 57.78199674148252,
	"sipm43": 46.83534138127713,
	"sipm44": 63.91492838885114,
	"sipm45": 75.36064424178507,
	"sipm46": 51.356666651130965,
	"sipm47": 63.25432914399713,
	"sipm48": 57.254329143997126,
	"sipm49": 56.46370700063572,
	"sipm50": 55.46370700063572,
	"sipm51": 52.42323287904879,
	"sipm52": 62.54628452410765,
	"sipm53": 69.37208707080549
}