{
	"sipm0": 39.14417277171107,
	"sipm1": 78.00713018464164,
	"sipm2": 60.54628452410765,
	"sipm3": 43.852381545314515,
	"sipm4": 57.18640300532003,
	"sipm5": 68.85014108916003,
	"sipm6": 58.949112903955886,
	"sipm7": 55.252239914987776,
	"sipm8": 37.34660835064315,
	"sipm9": 68.25223991498777,
	"sipm10": 67.0364407208893,
	"sipm11": 62.41053321465271,
	"sipm12": 45.247198959355494,
	"sipm13": 47.08159581105463,
	"sipm14": 36.18640300532003,
	"sipm15": 33.29642838848254,
	"sipm16": 51.780802675461054,
	"sipm17": 57.57596415339078,
	"sipm18": 43.546284524107634,
	"sipm19": 60.98011250448854,
	"sipm20": 60.66529675729201,
	"sipm21": 48.64655460395541,
	"sipm22": 57.26335985705409,
	"sipm23": 50.60784320114054,
	"sipm24": 38.268442445994566,
	"sipm25": 25.845658133637144,
	"sipm26": 29.95702763333655,
	"sipm27": 90.66326487784526,
	"sipm28": 48.852381545314515,
	"sipm29": 37.687901529957415,
	"sipm30": 63.66577363307743,
	"sipm31": 53.54628452410765,
	"sipm32": 43.95066607635174,
	"sipm33": 38.298644453327995,
	"sipm34": 97.54170613828366,
	"sipm35": 52.68790152995742,
	"sipm36": 73.87292516245238,
	"sipm37": 52.661203388504966,
	"sipm38": 70.42323287904878,
	"sipm39": 63.56225043767045,
	"sipm40": 30.797675897905236,
	"sipm41": 17.345801434212476,
	"sipm42": 53.050554022886736,
	"sipm43": 25.049229429127067,
	"sipm44": 40.71894744142317,
	"sipm45": 70.88453181545307,
	"sipm46": 65.85238154531453,
	"sipm47": 66.32879477041013,
	"sipm48": 66.4620003758676,
	"sipm49": 43.69415567582469,
	"sipm50": 60.18688122912451,
	"sipm51": 52.747114901515616,
	"sipm52": 36.22123847734339,
	"sipm53": 40.365086621112006
}