{
	"sipm0": 55.249058833931436,
	"sipm1": 41.075956864724276,
	"sipm2": 56.95212656200056,
	"sipm3": 47.316504582017934,
	"sipm4": 49.08159581105463,
	"sipm5": 43.463707000635736,
	"sipm6": 46.0364407208893,
	"sipm7": 37.845658133637144,
	"sipm8": 65.35181138523055,
	"sipm9": 55.55918521840208,
	"sipm10": 57.57847290862292,
	"sipm11": 22.116740589887712,
	"sipm12": 62.48732285987006,
	"sipm13": 67.0364407208893,
	"sipm14": 42.446302991651066,
	"sipm15": 48.80157246920261,
	"sipm16": 54.18640300532003,
	"sipm17": 43.57847290862291,
	"sipm18": 45.0364407208893,
	"sipm19": 63.37208707080549,
	"sipm20": 52.252239914987776,
	"sipm21": 64.14417277171106,
	"sipm22": 63.081595811054626,
	"sipm23": 59.68790152995742,
	"sipm24": 45.71894744142317,
	"sipm25": 54.71894744142318,
	"sipm26": 52.01827066152035,
	"sipm27": 81.3924601071849,
	"sipm28": 59.18640300532003,
	"sipm29": 49.71523450194242,
	"sipm30": 40.469387862803046,
	"sipm31": 39.22123847734339,
	"sipm32": 61.5027350104432,
	"sipm33": 47.48732285987006,
	"sipm34": 43.24719895935549,
	"sipm35": 34.71894744142318,
	"sipm36": 54.95066607635174,
	"sipm37": 43.87613691497114,
	"sipm38": 60.57847290862292,
	"sipm39": 42.36064424178506,
	"sipm40": 60.64655460395542,
	"sipm41": 66.24905883393143,
	"sipm42": 36.665500316190005,
	"sipm43": 52.04922942912705,
	"sipm44": 41.84796710165514,
	"sipm45": 69.48732285987006,
	"sipm46": 64.14807319011162,
	"sipm47": 43.76905794442992,
	"sipm48": 53.78921335085956,
	"sipm49": 45.92904169084856,
	"sipm50": 44.25723222719314,
	"sipm51": 54.50273501044322,
	"sipm52": 41.05055402288673,
	"sipm53": 28.247198959355487
}