{
	"sipm0": 65.30485607440495,
	"sipm1": 53.687901529957415,
	"sipm2": 72.78080267546106,
	"sipm3": 70.75271384182865,
	"sipm4": 61.583373979958935,
	"sipm5": 67.85238154531451,
	"sipm6": 71.87613691497114,
	"sipm7": 51.021243486639065,
	"sipm8": 63.71523450194242,
	"sipm9": 43.24719895935549,
	"sipm10": 53.04487485726072,
	"sipm11": 54.142755818677244,
	"sipm12": 99.22657242482956,
	"sipm13": 51.66533449091411,
	"sipm14": 69.75271384182867,
	"sipm15": 47.20757347444085,
	"sipm16": 60.79874478889449,
	"sipm17": 59.797675897905236,
	"sipm18": 82.04432835779104,
	"sipm19": 83.17756571412912,
	"sipm20": 60.38995477803272,
	"sipm21": 72.54628452410765,
	"sipm22": 47.24942807266112,
	"sipm23": 76.80157246920263,
	"sipm24": 57.523000813312116,
	"sipm25": 43.35181138523055,
	"sipm26": 53.646554603955416,
	"sipm27": 69.66533449091412,
	"sipm28": 60.02865535963467,
	"sipm29": 63.04922942912705,
	"sipm30": 48.56225043767044,
	"sipm31": 60.13509923742507,
	"sipm32": 69.37882804160105,
	"sipm33": 33.36156772246697,
	"sipm34": 54.3924601071849,
	"sipm35": 53.25223991498777,
	"sipm36": 73.70866138087739,
	"sipm37": 82.30853920179791,
	"sipm38": 40.46965538064195,
	"sipm39": 50.081595811054626,
	"sipm40": 42.29152731714653,
	"sipm41": 53.55918521840208,
	"sipm42": 61.372087070805485,
	"sipm43": 62.82197362906759,
	"sipm44": 61.46370700063572,
	"sipm45": 99.66087256174141,
	"sipm46": 59.35181138523054,
	"sipm47": 65.80157246920263,
	"sipm48": 65.35666665113096,
	"sipm49": 75.38416882529603,
	"sipm50": 48.41987457916003,
	"sipm51": 49.0,
	"sipm52": 60.74993396979871,
	"sipm53": 52.75576530586463
}