{
	"sipm0": 66.18640300532003,
	"sipm1": 46.12909550366167,
	"sipm2": 72.37208707080549,
	"sipm3": 77.25723222719313,
	"sipm4": 56.87613691497114,
	"sipm5": 54.24905883393144,
	"sipm6": 52.12909550366166,
	"sipm7": 37.665500316190005,
	"sipm8": 71.08159581105463,
	"sipm9": 75.80157246920263,
	"sipm10": 51.291527317146546,
	"sipm11": 59.34660835064315,
	"sipm12": 50.186881229124495,
	"sipm13": 50.0364407208893,
	"sipm14": 51.646554603955416,
	"sipm15": 60.64655460395542,
	"sipm16": 48.38995477803273,
	"sipm17": 54.87292516245238,
	"sipm18": 57.687901529957415,
	"sipm19": 50.38505370669672,
	"sipm20": 52.14417277171107,
	"sipm21": 41.912699275545506,
	"sipm22": 45.14417277171107,
	"sipm23": 55.316504582017934,
	"sipm24": 64.11344528242958,
	"sipm25": 43.71523450194242,
	"sipm26": 57.76905794442992,
	"sipm27": 77.62972766543433,
	"sipm28": 49.71523450194242,
	"sipm29": 48.94911290395589,
	"sipm30": 45.14275581867723,
	"sipm31": 57.74711490151561,
	"sipm32": 28.7471149015156,
	"sipm33": 56.00713018464164,
	"sipm34": 57.02865535963467,
	"sipm35": 68.78211157689218,
	"sipm36": 48.03593596268252,
	"sipm37": 62.01827066152035,
	"sipm38": 74.57847290862293,
	"sipm39": 34.60294212980453,
	"sipm40": 54.469387862803046,
	"sipm41": 48.91492838885114,
	"sipm42": 43.872925162452376,
	"sipm43": 47.2471989593555,
	"sipm44": 50.90779820420949,
	"sipm45": 77.42323287904878,
	"sipm46": 69.14275581867724,
	"sipm47": 46.599357367210395,
	"sipm48": 51.92904169084857,
	"sipm49": 48.45930648516516,
	"sipm50": 37.60882229455464,
	"sipm51": 53.907798204209485,
	"sipm52": 42.36064424178506,
	"sipm53": 62.54201439150408
}