{
	"sipm0": 65.54628452410765,
	"sipm1": 64.29152731714655,
	"sipm2": 67.66533449091412,
	"sipm3": 68.54628452410765,
	"sipm4": 72.45930648516516,
	"sipm5": 54.35666665113097,
	"sipm6": 57.688585187342,
	"sipm7": 64.30485607440497,
	"sipm8": 55.0364407208893,
	"sipm9": 57.929041690848564,
	"sipm10": 74.37426098222164,
	"sipm11": 58.14807319011162,
	"sipm12": 58.912699275545506,
	"sipm13": 72.46370700063572,
	"sipm14": 56.04487485726073,
	"sipm15": 73.56225043767044,
	"sipm16": 77.25723222719313,
	"sipm17": 55.84796710165513,
	"sipm18": 75.68790152995741,
	"sipm19": 50.26844244599455,
	"sipm20": 44.36064424178507,
	"sipm21": 52.14807319011162,
	"sipm22": 46.929041690848564,
	"sipm23": 65.66550031619002,
	"sipm24": 58.82197362906759,
	"sipm25": 62.438519157140696,
	"sipm26": 41.66533449091411,
	"sipm27": 66.65664266954752,
	"sipm28": 74.60882229455466,
	"sipm29": 53.69415567582469,
	"sipm30": 57.446302991651066,
	"sipm31": 34.54628452410765,
	"sipm32": 29.95702763333655,
	"sipm33": 55.356666651130965,
	"sipm34": 49.03644072088932,
	"sipm35": 65.56225043767046,
	"sipm36": 58.446302991651066,
	"sipm37": 74.82197362906759,
	"sipm38": 50.90779820420949,
	"sipm39": 56.50273501044322,
	"sipm40": 52.050554022886736,
	"sipm41": 54.14807319011162,
	"sipm42": 41.88453181545306,
	"sipm43": 101.68534178292303,
	"sipm44": 45.59935736721039,
	"sipm45": 68.22272973817387,
	"sipm46": 32.872925162452376,
	"sipm47": 80.24905883393143,
	"sipm48": 51.646554603955416,
	"sipm49": 53.298644453327995,
	"sipm50": 49.50273501044322,
	"sipm51": 48.55918521840208,
	"sipm52": 41.02614455797508,
	"sipm53": 56.469387862803046
}