{
	"sipm0": 47.24027498590211,
	"sipm1": 43.79767589790523,
	"sipm2": 42.04922942912705,
	"sipm3": 54.26844244599456,
	"sipm4": 76.24027498590212,
	"sipm5": 50.12920731682573,
	"sipm6": 55.41053321465271,
	"sipm7": 45.46370700063572,
	"sipm8": 62.95212656200055,
	"sipm9": 67.08159581105463,
	"sipm10": 67.34660835064315,
	"sipm11": 62.66120338850496,
	"sipm12": 65.26844244599457,
	"sipm13": 53.050554022886736,
	"sipm14": 36.37208707080549,
	"sipm15": 41.521858985074424,
	"sipm16": 57.48732285987006,
	"sipm17": 61.38995477803273,
	"sipm18": 65.82197362906759,
	"sipm19": 54.081595811054626,
	"sipm20": 66.01827066152035,
	"sipm21": 33.02614455797507,
	"sipm22": 47.75576530586463,
	"sipm23": 45.35181138523055,
	"sipm24": 45.64655460395541,
	"sipm25": 52.46370700063573,
	"sipm26": 28.222729738173868,
	"sipm27": 66.17206635492491,
	"sipm28": 59.021243486639065,
	"sipm29": 63.487473945257605,
	"sipm30": 61.602942129804546,
	"sipm31": 32.94911290395589,
	"sipm32": 63.247198959355494,
	"sipm33": 44.26844244599456,
	"sipm34": 54.142755818677244,
	"sipm35": 95.15835651784278,
	"sipm36": 57.845658133637144,
	"sipm37": 73.25432914399713,
	"sipm38": 62.66120338850496,
	"sipm39": 41.71894744142317,
	"sipm40": 59.14807319011162,
	"sipm41": 39.781996741482516,
	"sipm42": 70.18688122912451,
	"sipm43": 38.84796710165513,
	"sipm44": 52.69350195100655,
	"sipm45": 67.95066607635174,
	"sipm46": 66.57847290862293,
	"sipm47": 39.90081508685371,
	"sipm48": 36.24719895935549,
	"sipm49": 48.872925162452376,
	"sipm50": 47.15229218797772,
	"sipm51": 54.446302991651066,
	"sipm52": 42.88453181545306,
	"sipm53": 36.88453181545306
}