{
	"sipm0": 52.24905883393143,
	"sipm1": 51.54628452410764,
	"sipm2": 56.56225043767045,
	"sipm3": 65.48732285987008,
	"sipm4": 64.43455826061994,
	"sipm5": 63.98580392018649,
	"sipm6": 71.18640300532003,
	"sipm7": 53.82197362906759,
	"sipm8": 113.42194029256076,
	"sipm9": 52.665334490914105,
	"sipm10": 60.78921335085957,
	"sipm11": 68.90081508685371,
	"sipm12": 61.38505370669672,
	"sipm13": 50.46200037586759,
	"sipm14": 55.715234501942426,
	"sipm15": 64.34660835064315,
	"sipm16": 56.257232227193136,
	"sipm17": 65.60882229455464,
	"sipm18": 77.60294212980455,
	"sipm19": 64.41053321465272,
	"sipm20": 70.75437426297002,
	"sipm21": 64.50273501044322,
	"sipm22": 53.25432914399713,
	"sipm23": 60.75761491316465,
	"sipm24": 70.84306603031914,
	"sipm25": 58.028655359634676,
	"sipm26": 51.872925162452376,
	"sipm27": 63.14807319011161,
	"sipm28": 55.94911290395589,
	"sipm29": 57.34660835064314,
	"sipm30": 80.24905883393143,
	"sipm31": 35.852381545314515,
	"sipm32": 69.68790152995743,
	"sipm33": 67.50717530361453,
	"sipm34": 41.821973629067585,
	"sipm35": 64.9077982042095,
	"sipm36": 66.74711490151562,
	"sipm37": 66.60882229455466,
	"sipm38": 71.79767589790524,
	"sipm39": 57.15229218797772,
	"sipm40": 56.98011250448853,
	"sipm41": 58.356666651130965,
	"sipm42": 62.01827066152035,
	"sipm43": 61.90081508685371,
	"sipm44": 54.59935736721039,
	"sipm45": 84.07669473971863,
	"sipm46": 72.68790152995741,
	"sipm47": 53.58086522472677,
	"sipm48": 59.92904169084857,
	"sipm49": 68.14417277171107,
	"sipm50": 68.04922942912705,
	"sipm51": 45.78921335085956,
	"sipm52": 40.821973629067585,
	"sipm53": 61.247198959355494
}