{
	"sipm0": 45.60294212980454,
	"sipm1": 65.57596415339077,
	"sipm2": 66.56225043767046,
	"sipm3": 73.56225043767044,
	"sipm4": 77.02865535963467,
	"sipm5": 58.75437426297002,
	"sipm6": 66.9077982042095,
	"sipm7": 48.86940196632833,
	"sipm8": 40.13509923742508,
	"sipm9": 91.1729594743205,
	"sipm10": 51.76905794442992,
	"sipm11": 69.71894744142317,
	"sipm12": 58.25223991498777,
	"sipm13": 80.49991594216013,
	"sipm14": 34.356666651130965,
	"sipm15": 65.42323287904878,
	"sipm16": 24.25223991498777,
	"sipm17": 38.069305622662455,
	"sipm18": 51.50273501044322,
	"sipm19": 68.87292516245238,
	"sipm20": 103.34575951017258,
	"sipm21": 63.46938786280305,
	"sipm22": 43.852381545314515,
	"sipm23": 68.79874478889448,
	"sipm24": 56.575964153390764,
	"sipm25": 50.49991594216012,
	"sipm26": 48.14417277171107,
	"sipm27": 71.17206635492491,
	"sipm28": 59.65664266954752,
	"sipm29": 67.8219736290676,
	"sipm30": 49.14209076865815,
	"sipm31": 67.71894744142318,
	"sipm32": 38.08159581105464,
	"sipm33": 48.747114901515616,
	"sipm34": 47.25723222719313,
	"sipm35": 45.576674401320915,
	"sipm36": 59.372087070805485,
	"sipm37": 76.44140192031507,
	"sipm38": 56.688585187342,
	"sipm39": 63.872925162452376,
	"sipm40": 78.66120338850496,
	"sipm41": 72.79277482656923,
	"sipm42": 41.66120338850495,
	"sipm43": 24.459306485165158,
	"sipm44": 45.79767589790523,
	"sipm45": 81.91297259243291,
	"sipm46": 66.75437426297002,
	"sipm47": 38.15229218797772,
	"sipm48": 55.17206635492491,
	"sipm49": 48.84796710165512,
	"sipm50": 45.626027000956526,
	"sipm51": 34.82197362906757,
	"sipm52": 28.757614913164645,
	"sipm53": 43.24905883393143
}