{
	"sipm0": 55.38995477803273,
	"sipm1": 40.356666651130965,
	"sipm2": 61.98011250448853,
	"sipm3": 74.50717530361453,
	"sipm4": 70.71894744142318,
	"sipm5": 47.74711490151561,
	"sipm6": 36.38995477803273,
	"sipm7": 51.398501915708195,
	"sipm8": 69.68790152995743,
	"sipm9": 65.57847290862293,
	"sipm10": 18.428159163291085,
	"sipm11": 67.30485607440495,
	"sipm12": 58.51564140535005,
	"sipm13": 50.90081508685371,
	"sipm14": 46.646554603955416,
	"sipm15": 36.75437426297002,
	"sipm16": 58.91492838885114,
	"sipm17": 46.80157246920262,
	"sipm18": 42.84796710165513,
	"sipm19": 45.446302991651066,
	"sipm20": 45.18640300532003,
	"sipm21": 62.64655460395541,
	"sipm22": 44.5993573672104,
	"sipm23": 64.66550031619002,
	"sipm24": 38.94911290395589,
	"sipm25": 49.469387862803046,
	"sipm26": 56.94911290395589,
	"sipm27": 72.57847290862293,
	"sipm28": 43.914928388851145,
	"sipm29": 65.7525974817465,
	"sipm30": 61.35666665113097,
	"sipm31": 45.97710382687195,
	"sipm32": 63.14417277171107,
	"sipm33": 57.789213350859555,
	"sipm34": 77.14209076865815,
	"sipm35": 49.84796710165513,
	"sipm36": 49.17206635492491,
	"sipm37": 63.346608350643145,
	"sipm38": 32.51564140535005,
	"sipm39": 51.821973629067585,
	"sipm40": 43.43455826061992,
	"sipm41": 56.43455826061993,
	"sipm42": 34.9077982042095,
	"sipm43": 27.872925162452376,
	"sipm44": 38.85361079910831,
	"sipm45": 83.24942807266112,
	"sipm46": 43.04922942912705,
	"sipm47": 64.60882229455466,
	"sipm48": 55.26844244599455,
	"sipm49": 58.20757347444084,
	"sipm50": 70.62602700095653,
	"sipm51": 55.25723222719314,
	"sipm52": 75.68790152995741,
	"sipm53": 64.44140192031506
}