{
	"sipm0": 49.76905794442992,
	"sipm1": 108.01984146673303,
	"sipm2": -27.538772305280474,
	"sipm3": 78.18688122912451,
	"sipm4": 60.914928388851145,
	"sipm5": 69.75271384182867,
	"sipm6": 66.37208707080549,
	"sipm7": 57.186881229124495,
	"sipm8": 62.03593596268254,
	"sipm9": 62.254329143997126,
	"sipm10": 64.74711490151562,
	"sipm11": 40.95066607635174,
	"sipm12": 48.25432914399713,
	"sipm13": 65.60882229455464,
	"sipm14": 50.36064424178506,
	"sipm15": 50.76905794442992,
	"sipm16": 56.346608350643145,
	"sipm17": 63.25223991498778,
	"sipm18": 63.25223991498778,
	"sipm19": 47.57596415339076,
	"sipm20": 53.46200037586759,
	"sipm21": 67.39697067137959,
	"sipm22": 60.94911290395589,
	"sipm23": 57.57847290862292,
	"sipm24": 44.68858518734199,
	"sipm25": 60.14275581867724,
	"sipm26": 45.35666665113096,
	"sipm27": 47.50273501044321,
	"sipm28": 51.50273501044322,
	"sipm29": 91.00222911330565,
	"sipm30": 113.42194029256076,
	"sipm31": 58.356666651130965,
	"sipm32": 49.152292187977714,
	"sipm33": 39.24027498590212,
	"sipm34": 51.08159581105463,
	"sipm35": 47.08159581105463,
	"sipm36": 44.41261521770562,
	"sipm37": 31.39850191570818,
	"sipm38": 51.35181138523053,
	"sipm39": 49.42323287904878,
	"sipm40": 60.82197362906759,
	"sipm41": 51.821973629067585,
	"sipm42": 33.757614913164645,
	"sipm43": 37.081595811054626,
	"sipm44": 48.80157246920261,
	"sipm45": 59.91492838885114,
	"sipm46": 94.39890423513643,
	"sipm47": 62.08159581105463,
	"sipm48": 45.98011250448854,
	"sipm49": 54.12909550366166,
	"sipm50": 44.14807319011161,
	"sipm51": 48.12909550366166,
	"sipm52": 49.608822294554656,
	"sipm53": 62.469387862803046
}