{
	"sipm0": 76.95212656200056,
	"sipm1": 48.291527317146546,
	"sipm2": 68.48150570993175,
	"sipm3": 79.14209076865815,
	"sipm4": 58.028655359634676,
	"sipm5": 70.82197362906759,
	"sipm6": 49.56225043767044,
	"sipm7": 34.36156772246697,
	"sipm8": 48.66610445984095,
	"sipm9": 68.95066607635174,
	"sipm10": 42.58337397995893,
	"sipm11": 47.78921335085956,
	"sipm12": 57.142755818677244,
	"sipm13": 61.462000375867596,
	"sipm14": 57.872925162452376,
	"sipm15": 49.95702763333655,
	"sipm16": 62.12920731682574,
	"sipm17": 70.48732285987008,
	"sipm18": 64.71894744142317,
	"sipm19": 57.75271384182866,
	"sipm20": 62.254329143997126,
	"sipm21": 47.84796710165513,
	"sipm22": 66.14807319011163,
	"sipm23": 47.781996741482516,
	"sipm24": 76.57596415339077,
	"sipm25": 44.78921335085957,
	"sipm26": 47.04922942912705,
	"sipm27": 61.98200489820795,
	"sipm28": 48.546284524107634,
	"sipm29": 61.98011250448853,
	"sipm30": 62.85014108916003,
	"sipm31": 47.348238816088774,
	"sipm32": 62.54628452410765,
	"sipm33": 46.71523450194241,
	"sipm34": 56.43851915714069,
	"sipm35": 53.18640300532004,
	"sipm36": 74.30485607440497,
	"sipm37": 66.65664266954752,
	"sipm38": 69.14209076865816,
	"sipm39": 55.291527317146546,
	"sipm40": 41.942914331339125,
	"sipm41": 71.95212656200056,
	"sipm42": 77.14275581867724,
	"sipm43": 63.15229218797773,
	"sipm44": 66.39697067137959,
	"sipm45": 71.62972766543433,
	"sipm46": 53.57596415339077,
	"sipm47": 67.87292516245239,
	"sipm48": 37.942914331339125,
	"sipm49": 65.83007484052408,
	"sipm50": 37.71894744142317,
	"sipm51": 126.23410492889946,
	"sipm52": 63.25723222719313,
	"sipm53": 44.65664266954752
}