{
	"sipm0": 56.78211157689218,
	"sipm1": 52.70866138087739,
	"sipm2": 62.66059924485401,
	"sipm3": 54.37208707080549,
	"sipm4": 52.602942129804546,
	"sipm5": 46.50717530361453,
	"sipm6": 52.26354137465855,
	"sipm7": 53.21650804128024,
	"sipm8": 67.90081508685371,
	"sipm9": 58.39697067137959,
	"sipm10": 62.124306245489734,
	"sipm11": 35.977992640873964,
	"sipm12": 72.29057393192772,
	"sipm13": 74.97799264087398,
	"sipm14": 49.021243486639065,
	"sipm15": 54.044328357791045,
	"sipm16": 56.80157246920262,
	"sipm17": 47.75271384182865,
	"sipm18": 52.308539201797906,
	"sipm19": 70.49783393910721,
	"sipm20": 61.92414061951256,
	"sipm21": 73.35688624660429,
	"sipm22": 69.12430624548972,
	"sipm23": 65.3924601071849,
	"sipm24": 48.37426098222164,
	"sipm25": 60.52300081331211,
	"sipm26": 63.13785474734123,
	"sipm27": 84.35688624660429,
	"sipm28": 66.91297259243291,
	"sipm29": 59.216508041280235,
	"sipm30": 46.135099237425074,
	"sipm31": 51.12430624548972,
	"sipm32": 62.36064424178505,
	"sipm33": 55.500810431526524,
	"sipm34": 55.21650804128023,
	"sipm35": 36.75271384182865,
	"sipm36": 57.396970671379584,
	"sipm37": 46.176182628196905,
	"sipm38": 66.00713018464162,
	"sipm39": 46.38505370669672,
	"sipm40": 68.0,
	"sipm41": 68.44140192031506,
	"sipm42": 42.629727665434324,
	"sipm43": 60.12430624548972,
	"sipm44": 49.499915942160115,
	"sipm45": 74.97799264087398,
	"sipm46": 72.49991594216013,
	"sipm47": 50.49991594216012,
	"sipm48": 63.124306245489734,
	"sipm49": 46.9077982042095,
	"sipm50": 51.07669473971863,
	"sipm51": 63.249428072661125,
	"sipm52": 46.54201439150407,
	"sipm53": 32.46370700063572
}