{
	"sipm0": 65.26354137465854,
	"sipm1": 83.06741322894304,
	"sipm2": 44.84306603031912,
	"sipm3": 70.365086621112,
	"sipm4": 45.876136914971134,
	"sipm5": 63.13294476133161,
	"sipm6": 71.25723222719314,
	"sipm7": 46.05055402288674,
	"sipm8": 58.49991594216012,
	"sipm9": 63.660599244854005,
	"sipm10": 81.44140192031506,
	"sipm11": 32.398501915708195,
	"sipm12": 77.78211157689218,
	"sipm13": 47.113445282429566,
	"sipm14": 49.443967375585466,
	"sipm15": 68.03644072088932,
	"sipm16": 42.95212656200055,
	"sipm17": 51.660599244854005,
	"sipm18": 73.87613691497114,
	"sipm19": 77.65174159821152,
	"sipm20": 64.35084209911307,
	"sipm21": 68.83534138127712,
	"sipm22": 61.75280104064451,
	"sipm23": 55.14807319011162,
	"sipm24": 45.88453181545306,
	"sipm25": 60.211279101388065,
	"sipm26": 66.75271384182867,
	"sipm27": 48.62602700095652,
	"sipm28": 70.78145640027918,
	"sipm29": 52.84306603031913,
	"sipm30": 47.06930562266246,
	"sipm31": 64.97799264087398,
	"sipm32": 50.71523450194242,
	"sipm33": 46.235373914566104,
	"sipm34": 43.50717530361453,
	"sipm35": 41.02865535963467,
	"sipm36": 58.144172771711055,
	"sipm37": 82.35688624660429,
	"sipm38": 47.15229218797772,
	"sipm39": 68.2633598570541,
	"sipm40": 46.49783393910722,
	"sipm41": 63.75761491316466,
	"sipm42": 68.42323287904878,
	"sipm43": 50.912972592432915,
	"sipm44": 66.2633598570541,
	"sipm45": 83.38594517778249,
	"sipm46": 58.752597481746506,
	"sipm47": 72.97799264087396,
	"sipm48": 73.50227423227852,
	"sipm49": 60.249058833931436,
	"sipm50": 59.37426098222166,
	"sipm51": 55.13509923742508,
	"sipm52": 66.12909550366166,
	"sipm53": 76.21650804128024
}