{
	"sipm0": 59.80157246920262,
	"sipm1": 46.83441562597011,
	"sipm2": 55.24942807266112,
	"sipm3": 60.97799264087397,
	"sipm4": 48.876136914971156,
	"sipm5": 43.71894744142317,
	"sipm6": 43.60294212980454,
	"sipm7": 42.33954063944226,
	"sipm8": 25.014460894519004,
	"sipm9": 75.29057393192772,
	"sipm10": 42.06741322894304,
	"sipm11": 100.99732804196964,
	"sipm12": 50.57847290862292,
	"sipm13": 39.05055402288673,
	"sipm14": 42.50273501044321,
	"sipm15": 59.021243486639065,
	"sipm16": 46.69415567582469,
	"sipm17": 35.688585187342,
	"sipm18": 47.39697067137959,
	"sipm19": 61.495014870824114,
	"sipm20": 43.002229113305646,
	"sipm21": 51.04432835779105,
	"sipm22": 52.85586379949518,
	"sipm23": 38.66577363307742,
	"sipm24": 43.29152731714653,
	"sipm25": 44.22126061256867,
	"sipm26": 26.161758109476935,
	"sipm27": 44.398501915708195,
	"sipm28": 29.90384162890301,
	"sipm29": 52.66326487784527,
	"sipm30": 69.35181138523055,
	"sipm31": 49.79874478889448,
	"sipm32": 56.58721666661464,
	"sipm33": 40.01446089451901,
	"sipm34": 22.462000375867575,
	"sipm35": 38.50273501044322,
	"sipm36": 41.35181138523053,
	"sipm37": 33.93578414669747,
	"sipm38": 55.454486723923985,
	"sipm39": 44.42323287904878,
	"sipm40": 44.62972766543432,
	"sipm41": 15.469387862803046,
	"sipm42": 40.7525974817465,
	"sipm43": 49.2633598570541,
	"sipm44": 61.00222911330564,
	"sipm45": 34.454713667049575,
	"sipm46": 56.88453181545306,
	"sipm47": 49.24905883393144,
	"sipm48": 43.44630299165106,
	"sipm49": 44.54628452410764,
	"sipm50": 43.801572469202625,
	"sipm51": 61.78211157689218,
	"sipm52": 34.92904169084858,
	"sipm53": -2.5605406680440694
}