{
	"sipm0": 72.37426098222166,
	"sipm1": 46.688585187342,
	"sipm2": 71.91492838885114,
	"sipm3": 86.08721352563865,
	"sipm4": 56.38505370669672,
	"sipm5": 50.68858518734201,
	"sipm6": 56.24905883393143,
	"sipm7": 45.00713018464164,
	"sipm8": 79.04432835779106,
	"sipm9": 78.2633598570541,
	"sipm10": 54.142755818677244,
	"sipm11": 69.70866138087739,
	"sipm12": 55.24942807266112,
	"sipm13": 55.37426098222165,
	"sipm14": 56.48732285987007,
	"sipm15": 69.26354137465856,
	"sipm16": 56.602942129804546,
	"sipm17": 62.3924601071849,
	"sipm18": 59.60294212980455,
	"sipm19": 52.521858985074424,
	"sipm20": 57.37426098222166,
	"sipm21": 55.2633598570541,
	"sipm22": 45.57847290862292,
	"sipm23": 66.91297259243291,
	"sipm24": 62.3924601071849,
	"sipm25": 47.90081508685371,
	"sipm26": 63.62972766543432,
	"sipm27": 80.44140192031506,
	"sipm28": 58.24942807266112,
	"sipm29": 60.49783393910721,
	"sipm30": 53.06741322894304,
	"sipm31": 68.66059924485401,
	"sipm32": 37.651741598211515,
	"sipm33": 54.38505370669672,
	"sipm34": 55.36064424178506,
	"sipm35": 71.21650804128024,
	"sipm36": 53.57847290862293,
	"sipm37": 64.78080267546105,
	"sipm38": 83.07669473971863,
	"sipm39": 38.78211157689218,
	"sipm40": 59.37426098222166,
	"sipm41": 53.13509923742508,
	"sipm42": 51.135099237425074,
	"sipm43": 51.575964153390764,
	"sipm44": 56.13509923742508,
	"sipm45": 79.37426098222164,
	"sipm46": 74.5747746697121,
	"sipm47": 46.884531815453066,
	"sipm48": 53.35181138523055,
	"sipm49": 53.66120338850496,
	"sipm50": 39.12909550366166,
	"sipm51": 53.144172771711055,
	"sipm52": 45.18688122912451,
	"sipm53": 59.469387862803046
}