{
	"sipm0": 57.18640300532003,
	"sipm1": 71.75259748174649,
	"sipm2": 59.93744181361453,
	"sipm3": 66.75271384182867,
	"sipm4": 66.13509923742507,
	"sipm5": 62.70866138087739,
	"sipm6": 63.49991594216012,
	"sipm7": 47.076694739718626,
	"sipm8": 63.48732285987006,
	"sipm9": 99.44304389490355,
	"sipm10": 60.87963074411705,
	"sipm11": 62.7525974817465,
	"sipm12": 64.78080267546105,
	"sipm13": 89.99509892866399,
	"sipm14": 75.3924601071849,
	"sipm15": 69.3924601071849,
	"sipm16": 69.24905883393143,
	"sipm17": 48.38505370669673,
	"sipm18": 46.30176917217753,
	"sipm19": 49.469387862803046,
	"sipm20": 64.38416882529603,
	"sipm21": 68.62602700095653,
	"sipm22": 66.13509923742507,
	"sipm23": 57.50717530361453,
	"sipm24": 109.43814282356756,
	"sipm25": 70.79874478889448,
	"sipm26": 64.12430624548973,
	"sipm27": 76.3859451777825,
	"sipm28": 85.50081043152653,
	"sipm29": 64.54201439150407,
	"sipm30": 60.35574317044906,
	"sipm31": 105.08952983776014,
	"sipm32": 58.44140192031506,
	"sipm33": 52.75271384182866,
	"sipm34": 57.7525974817465,
	"sipm35": 50.07669473971862,
	"sipm36": 76.90825346352469,
	"sipm37": 66.62602700095653,
	"sipm38": 83.66059924485401,
	"sipm39": 67.78211157689218,
	"sipm40": 53.65174159821152,
	"sipm41": 54.26335985705409,
	"sipm42": 59.35688624660429,
	"sipm43": 60.263359857054105,
	"sipm44": 58.42323287904878,
	"sipm45": 67.1761826281969,
	"sipm46": 76.57596415339077,
	"sipm47": 61.124306245489734,
	"sipm48": 67.62972766543433,
	"sipm49": 61.308539201797906,
	"sipm50": 59.87963074411705,
	"sipm51": 49.392460107184895,
	"sipm52": 60.66059924485401,
	"sipm53": 52.135099237425074
}