{
	"sipm0": 62.499915942160115,
	"sipm1": 53.0364407208893,
	"sipm2": 59.00713018464164,
	"sipm3": 67.80157246920263,
	"sipm4": 59.533603716105574,
	"sipm5": 55.0,
	"sipm6": 63.04432835779105,
	"sipm7": 58.54201439150408,
	"sipm8": 53.876136914971156,
	"sipm9": 74.93744181361453,
	"sipm10": 65.62602700095653,
	"sipm11": 76.24942807266112,
	"sipm12": 49.80157246920262,
	"sipm13": 61.37426098222166,
	"sipm14": 58.12909550366166,
	"sipm15": 47.4978339391072,
	"sipm16": 73.52185898507443,
	"sipm17": 61.37426098222166,
	"sipm18": 83.52300081331211,
	"sipm19": 65.90081508685371,
	"sipm20": 67.87963074411705,
	"sipm21": 52.15229218797772,
	"sipm22": 47.113445282429566,
	"sipm23": 54.30485607440496,
	"sipm24": 63.79874478889449,
	"sipm25": 51.04432835779105,
	"sipm26": 54.216508041280235,
	"sipm27": 64.37426098222166,
	"sipm28": 67.18688122912451,
	"sipm29": 56.50717530361453,
	"sipm30": 61.75271384182866,
	"sipm31": 44.752597481746506,
	"sipm32": 56.02124348663907,
	"sipm33": 45.52300081331211,
	"sipm34": 50.924140619512556,
	"sipm35": 75.02124348663907,
	"sipm36": 62.3085392017979,
	"sipm37": 81.91297259243291,
	"sipm38": 61.135099237425074,
	"sipm39": 35.24027498590212,
	"sipm40": 51.7086613808774,
	"sipm41": 30.542014391504082,
	"sipm42": 49.499915942160115,
	"sipm43": 45.52185898507444,
	"sipm44": 47.044328357791045,
	"sipm45": 80.87963074411705,
	"sipm46": 63.97799264087398,
	"sipm47": 58.24905883393143,
	"sipm48": 45.37208707080548,
	"sipm49": 90.49501487082412,
	"sipm50": 61.35574317044906,
	"sipm51": 48.57847290862293,
	"sipm52": 47.3085392017979,
	"sipm53": 49.37426098222166
}