{
	"sipm0": 53.37426098222165,
	"sipm1": 56.52185898507443,
	"sipm2": 61.5230008133121,
	"sipm3": 55.93744181361453,
	"sipm4": 72.00713018464164,
	"sipm5": 49.14275581867723,
	"sipm6": 63.07669473971864,
	"sipm7": 55.3924601071849,
	"sipm8": 57.70866138087739,
	"sipm9": 69.97799264087398,
	"sipm10": 46.688585187342,
	"sipm11": 52.372087070805485,
	"sipm12": 40.54201439150408,
	"sipm13": 104.58231559527862,
	"sipm14": 78.24942807266112,
	"sipm15": 55.75271384182865,
	"sipm16": 59.71894744142318,
	"sipm17": 55.26354137465856,
	"sipm18": 47.91492838885113,
	"sipm19": 54.92414061951256,
	"sipm20": 57.91297259243291,
	"sipm21": 42.07669473971863,
	"sipm22": 72.53360371610556,
	"sipm23": 64.30853920179791,
	"sipm24": 65.87613691497114,
	"sipm25": 46.521858985074424,
	"sipm26": 45.3924601071849,
	"sipm27": 84.38416882529603,
	"sipm28": 47.35181138523053,
	"sipm29": 54.87963074411705,
	"sipm30": 64.63935575821495,
	"sipm31": 54.68858518734199,
	"sipm32": 98.37392697026503,
	"sipm33": 70.64648594285657,
	"sipm34": 39.142755818677244,
	"sipm35": 60.07669473971863,
	"sipm36": 72.24942807266112,
	"sipm37": 97.95532481557088,
	"sipm38": 52.24905883393143,
	"sipm39": 55.626027000956526,
	"sipm40": 65.24905883393143,
	"sipm41": 43.186881229124495,
	"sipm42": 57.84306603031913,
	"sipm43": 56.780802675461054,
	"sipm44": 63.17618262819691,
	"sipm45": 78.52185898507443,
	"sipm46": 58.97799264087397,
	"sipm47": 57.93968226976901,
	"sipm48": 47.13785474734122,
	"sipm49": 47.781456400279176,
	"sipm50": 55.24942807266112,
	"sipm51": 62.75271384182866,
	"sipm52": 40.13509923742508,
	"sipm53": 100.54610665375422
}