{
	"sipm0": 85.1729594743205,
	"sipm1": 70.80157246920263,
	"sipm2": 64.04432835779104,
	"sipm3": 50.14275581867724,
	"sipm4": 52.90081508685371,
	"sipm5": 56.38505370669672,
	"sipm6": 39.04432835779106,
	"sipm7": 41.521858985074424,
	"sipm8": 45.3924601071849,
	"sipm9": 66.66059924485401,
	"sipm10": 63.124306245489734,
	"sipm11": 67.13509923742507,
	"sipm12": 61.38505370669672,
	"sipm13": 56.24942807266112,
	"sipm14": 53.38505370669673,
	"sipm15": 47.08159581105463,
	"sipm16": 33.50717530361453,
	"sipm17": 46.660599244854005,
	"sipm18": 56.97710382687194,
	"sipm19": 74.7525974817465,
	"sipm20": 39.70866138087739,
	"sipm21": 57.914928388851145,
	"sipm22": 38.57847290862291,
	"sipm23": 47.50717530361453,
	"sipm24": 54.00713018464164,
	"sipm25": 28.0,
	"sipm26": 48.499915942160115,
	"sipm27": 80.65174159821152,
	"sipm28": 75.87963074411705,
	"sipm29": 56.12430624548973,
	"sipm30": 47.06930562266246,
	"sipm31": 37.00713018464164,
	"sipm32": 55.02865535963467,
	"sipm33": 33.021243486639065,
	"sipm34": 33.91297259243291,
	"sipm35": 44.02865535963467,
	"sipm36": 64.24905883393143,
	"sipm37": 76.26354137465854,
	"sipm38": 63.797675897905236,
	"sipm39": 65.18688122912451,
	"sipm40": 66.18688122912451,
	"sipm41": 43.65174159821153,
	"sipm42": 35.24905883393143,
	"sipm43": 41.84306603031912,
	"sipm44": 49.5747746697121,
	"sipm45": 62.35574317044906,
	"sipm46": 58.30485607440495,
	"sipm47": 57.90081508685371,
	"sipm48": 49.75271384182866,
	"sipm49": 46.660599244854005,
	"sipm50": 59.90779820420949,
	"sipm51": 41.87613691497114,
	"sipm52": 42.50717530361453,
	"sipm53": 46.00713018464163
}