{
	"sipm0": 61.12909550366166,
	"sipm1": 48.37208707080548,
	"sipm2": 57.78211157689218,
	"sipm3": 44.752597481746506,
	"sipm4": 60.3085392017979,
	"sipm5": 35.71894744142317,
	"sipm6": 47.629727665434324,
	"sipm7": 37.50717530361452,
	"sipm8": 45.3924601071849,
	"sipm9": 62.87613691497115,
	"sipm10": 57.38505370669672,
	"sipm11": 56.75271384182866,
	"sipm12": 48.50717530361453,
	"sipm13": 51.90081508685371,
	"sipm14": 46.76905794442992,
	"sipm15": 29.62972766543433,
	"sipm16": 29.62972766543433,
	"sipm17": 36.821973629067585,
	"sipm18": 60.176182628196905,
	"sipm19": 55.14209076865815,
	"sipm20": 66.37426098222164,
	"sipm21": 48.575964153390764,
	"sipm22": 44.01827066152033,
	"sipm23": 54.52185898507443,
	"sipm24": 47.87613691497114,
	"sipm25": 48.069305622662455,
	"sipm26": 46.5230008133121,
	"sipm27": 45.01827066152035,
	"sipm28": 58.90081508685371,
	"sipm29": 35.57596415339077,
	"sipm30": 54.57847290862292,
	"sipm31": 48.688585187342,
	"sipm32": 33.0364407208893,
	"sipm33": 45.7525974817465,
	"sipm34": 44.08159581105463,
	"sipm35": 45.00713018464164,
	"sipm36": 57.018270661520354,
	"sipm37": 62.441401920315066,
	"sipm38": 51.68858518734199,
	"sipm39": 59.651741598211515,
	"sipm40": 36.04922942912705,
	"sipm41": 52.124306245489734,
	"sipm42": 30.79277482656923,
	"sipm43": 39.50717530361453,
	"sipm44": 52.308539201797906,
	"sipm45": 45.3924601071849,
	"sipm46": 50.35181138523053,
	"sipm47": 47.602942129804546,
	"sipm48": 58.24027498590212,
	"sipm49": 64.5747746697121,
	"sipm50": 43.2633598570541,
	"sipm51": 55.87613691497114,
	"sipm52": 37.929041690848564,
	"sipm53": 45.66059924485401
}