{
	"sipm0": 42.46200037586758,
	"sipm1": 50.70866138087739,
	"sipm2": 50.124306245489734,
	"sipm3": 50.694810852437676,
	"sipm4": 70.78921335085957,
	"sipm5": 56.24027498590212,
	"sipm6": 66.26354137465856,
	"sipm7": 47.18688122912451,
	"sipm8": 68.11344528242957,
	"sipm9": 69.46370700063574,
	"sipm10": 78.66059924485401,
	"sipm11": 71.75280104064451,
	"sipm12": 65.95066607635174,
	"sipm13": 61.00713018464164,
	"sipm14": 38.752713841828665,
	"sipm15": 40.7525974817465,
	"sipm16": 62.044328357791045,
	"sipm17": 65.35666665113096,
	"sipm18": 64.76905794442992,
	"sipm19": 61.135099237425074,
	"sipm20": 73.11344528242958,
	"sipm21": 42.42323287904878,
	"sipm22": 55.46370700063572,
	"sipm23": 54.500810431526524,
	"sipm24": 58.21127910138807,
	"sipm25": 58.84306603031912,
	"sipm26": 37.87613691497114,
	"sipm27": 66.95066607635174,
	"sipm28": 61.91297259243291,
	"sipm29": 71.91492838885114,
	"sipm30": 66.04432835779104,
	"sipm31": 40.499915942160115,
	"sipm32": 71.87963074411705,
	"sipm33": 52.50717530361453,
	"sipm34": 66.01634241530306,
	"sipm35": 109.72888559597507,
	"sipm36": 62.76905794442992,
	"sipm37": 76.91492838885114,
	"sipm38": 64.49991594216011,
	"sipm39": 49.06741322894304,
	"sipm40": 70.66059924485401,
	"sipm41": 53.13509923742508,
	"sipm42": 75.93744181361453,
	"sipm43": 41.79767589790523,
	"sipm44": 69.78211157689219,
	"sipm45": 72.688585187342,
	"sipm46": 74.11344528242958,
	"sipm47": 46.35574317044906,
	"sipm48": 34.59935736721039,
	"sipm49": 66.69024285425904,
	"sipm50": 56.04432835779105,
	"sipm51": 55.56225043767045,
	"sipm52": 51.87613691497114,
	"sipm53": 46.24905883393143
}