{
	"sipm0": 48.995520670073915,
	"sipm1": 77.3859451777825,
	"sipm2": 55.63935575821493,
	"sipm3": 63.718947441423175,
	"sipm4": 123.52544354802205,
	"sipm5": 54.00713018464164,
	"sipm6": 43.7525974817465,
	"sipm7": 53.50717530361453,
	"sipm8": 69.00713018464165,
	"sipm9": 43.66541311737416,
	"sipm10": 73.23537391456611,
	"sipm11": 54.91297259243291,
	"sipm12": 49.37426098222166,
	"sipm13": 64.52300081331211,
	"sipm14": 53.884531815453066,
	"sipm15": 68.24942807266112,
	"sipm16": 58.53360371610557,
	"sipm17": 57.36064424178506,
	"sipm18": 67.21650804128024,
	"sipm19": 97.7478999693085,
	"sipm20": 50.00713018464164,
	"sipm21": 73.7987447888945,
	"sipm22": 108.86385605339768,
	"sipm23": 91.51695791373842,
	"sipm24": 55.50717530361453,
	"sipm25": 37.50717530361452,
	"sipm26": 32.55918521840208,
	"sipm27": 93.02531398445763,
	"sipm28": 39.38995477803272,
	"sipm29": 68.5747746697121,
	"sipm30": 67.04432835779104,
	"sipm31": 65.37882804160104,
	"sipm32": 69.90081508685371,
	"sipm33": 65.92414061951257,
	"sipm34": 51.216508041280235,
	"sipm35": 68.78211157689218,
	"sipm36": 77.53360371610556,
	"sipm37": 68.35688624660429,
	"sipm38": 69.78211157689219,
	"sipm39": 50.914928388851145,
	"sipm40": 54.79874478889448,
	"sipm41": 73.2633598570541,
	"sipm42": 48.55918521840208,
	"sipm43": 52.683684116005985,
	"sipm44": 42.66120338850496,
	"sipm45": 57.95212656200055,
	"sipm46": 86.68368411600599,
	"sipm47": 39.12909550366166,
	"sipm48": 39.142755818677244,
	"sipm49": 54.0,
	"sipm50": 56.780802675461054,
	"sipm51": 53.66577363307743,
	"sipm52": 40.3924601071849,
	"sipm53": 41.5230008133121
}