{
	"sipm0": 43.2633598570541,
	"sipm1": 81.21650804128024,
	"sipm2": 66.66120338850496,
	"sipm3": 52.24905883393143,
	"sipm4": 63.87963074411705,
	"sipm5": 74.68790152995741,
	"sipm6": 69.3859451777825,
	"sipm7": 63.249428072661125,
	"sipm8": 38.87292516245236,
	"sipm9": 75.97799264087398,
	"sipm10": 71.87613691497114,
	"sipm11": 78.23537391456611,
	"sipm12": 54.13509923742508,
	"sipm13": 60.290573931927725,
	"sipm14": 44.308539201797906,
	"sipm15": 48.752713841828665,
	"sipm16": 54.00713018464164,
	"sipm17": 61.0,
	"sipm18": 53.57477466971209,
	"sipm19": 68.54201439150408,
	"sipm20": 74.62602700095653,
	"sipm21": 55.2633598570541,
	"sipm22": 59.52185898507443,
	"sipm23": 61.30485607440496,
	"sipm24": 46.87613691497114,
	"sipm25": 38.78211157689218,
	"sipm26": 39.48732285987006,
	"sipm27": 95.73904232266602,
	"sipm28": 56.50717530361453,
	"sipm29": 42.124306245489734,
	"sipm30": 54.752597481746506,
	"sipm31": 63.708661380877395,
	"sipm32": 54.70866138087739,
	"sipm33": 48.876136914971156,
	"sipm34": 94.58721666661462,
	"sipm35": 56.87613691497114,
	"sipm36": 82.5747746697121,
	"sipm37": 51.83534138127713,
	"sipm38": 73.78211157689218,
	"sipm39": 72.7086613808774,
	"sipm40": 36.52185898507443,
	"sipm41": 42.8344156259701,
	"sipm42": 63.5230008133121,
	"sipm43": 38.21127910138806,
	"sipm44": 42.87613691497114,
	"sipm45": 80.87963074411705,
	"sipm46": 75.52185898507443,
	"sipm47": 86.83441562597011,
	"sipm48": 74.38505370669672,
	"sipm49": 56.79874478889448,
	"sipm50": 61.38505370669672,
	"sipm51": 59.75271384182866,
	"sipm52": 47.75271384182865,
	"sipm53": 48.50717530361453
}