{
	"sipm0": 35.13173077480853,
	"sipm1": 61.44140192031507,
	"sipm2": 65.84306603031914,
	"sipm3": 68.87963074411707,
	"sipm4": 78.52185898507443,
	"sipm5": 46.850141089160026,
	"sipm6": 78.39246010718492,
	"sipm7": 61.04432835779105,
	"sipm8": 111.22025440045972,
	"sipm9": 66.11344528242958,
	"sipm10": 74.63935575821495,
	"sipm11": 72.97799264087396,
	"sipm12": 62.249058833931436,
	"sipm13": 64.21127910138807,
	"sipm14": 63.04432835779105,
	"sipm15": 68.57596415339077,
	"sipm16": 57.78080267546105,
	"sipm17": 70.50717530361453,
	"sipm18": 85.50081043152653,
	"sipm19": 80.23537391456611,
	"sipm20": 78.75271384182867,
	"sipm21": 71.52185898507443,
	"sipm22": 62.441401920315066,
	"sipm23": 70.87613691497114,
	"sipm24": 67.38505370669674,
	"sipm25": 61.49991594216013,
	"sipm26": 58.37426098222165,
	"sipm27": 74.11344528242958,
	"sipm28": 72.50227423227852,
	"sipm29": 66.13509923742507,
	"sipm30": 105.34594102777704,
	"sipm31": 45.13509923742508,
	"sipm32": 77.24942807266112,
	"sipm33": 64.91492838885114,
	"sipm34": 45.54201439150408,
	"sipm35": 73.49783393910721,
	"sipm36": 76.97799264087398,
	"sipm37": 77.50081043152653,
	"sipm38": 78.3085392017979,
	"sipm39": 62.30485607440495,
	"sipm40": 67.52185898507443,
	"sipm41": 64.75271384182865,
	"sipm42": 71.21127910138807,
	"sipm43": 65.1761826281969,
	"sipm44": 63.2633598570541,
	"sipm45": 93.655698173518,
	"sipm46": 77.62602700095653,
	"sipm47": 70.52300081331211,
	"sipm48": 72.90825346352469,
	"sipm49": 77.49783393910721,
	"sipm50": 81.50081043152653,
	"sipm51": 61.53360371610556,
	"sipm52": 51.21127910138806,
	"sipm53": 71.7086613808774
}