{
	"sipm0": 73.24905883393143,
	"sipm1": 71.13509923742508,
	"sipm2": 80.04432835779104,
	"sipm3": 77.00713018464164,
	"sipm4": 77.9008150868537,
	"sipm5": 56.797675897905236,
	"sipm6": 62.52185898507444,
	"sipm7": 62.688585187342,
	"sipm8": 61.392460107184895,
	"sipm9": 60.835341381277125,
	"sipm10": 77.3859451777825,
	"sipm11": 65.75271384182865,
	"sipm12": 71.78080267546105,
	"sipm13": 73.02865535963467,
	"sipm14": 68.12430624548973,
	"sipm15": 79.02124348663907,
	"sipm16": 82.97799264087398,
	"sipm17": 59.46370700063573,
	"sipm18": 82.5747746697121,
	"sipm19": 58.876136914971156,
	"sipm20": 49.499915942160115,
	"sipm21": 62.977992640873964,
	"sipm22": 54.84306603031912,
	"sipm23": 73.13509923742508,
	"sipm24": 63.752713841828665,
	"sipm25": 77.1868812291245,
	"sipm26": 53.263541374658544,
	"sipm27": 77.3085392017979,
	"sipm28": 79.75271384182867,
	"sipm29": 60.487322859870076,
	"sipm30": 66.13509923742507,
	"sipm31": 39.37208707080549,
	"sipm32": 41.50717530361453,
	"sipm33": 59.02865535963467,
	"sipm34": 54.124306245489734,
	"sipm35": 73.26354137465856,
	"sipm36": 59.25432914399712,
	"sipm37": 86.23537391456611,
	"sipm38": 53.186881229124495,
	"sipm39": 58.35181138523055,
	"sipm40": 52.45930648516516,
	"sipm41": 61.263359857054105,
	"sipm42": 54.38594517778249,
	"sipm43": 114.40997536347511,
	"sipm44": 53.780802675461054,
	"sipm45": 71.05055402288674,
	"sipm46": 37.66120338850496,
	"sipm47": 81.52185898507443,
	"sipm48": 56.602942129804546,
	"sipm49": 59.90779820420949,
	"sipm50": 57.441401920315066,
	"sipm51": 59.44140192031506,
	"sipm52": 52.87963074411705,
	"sipm53": 58.952126562000565
}