{
	"sipm0": 67.13509923742507,
	"sipm1": 61.124306245489734,
	"sipm2": 100.54610665375422,
	"sipm3": 58.38594517778249,
	"sipm4": 42.79874478889448,
	"sipm5": 93.655698173518,
	"sipm6": 44.50273501044322,
	"sipm7": 65.84306603031914,
	"sipm8": 61.04432835779105,
	"sipm9": 56.2633598570541,
	"sipm10": 57.044328357791045,
	"sipm11": 85.35574317044906,
	"sipm12": 52.08159581105463,
	"sipm13": 48.57847290862293,
	"sipm14": 91.69024285425904,
	"sipm15": 35.60294212980453,
	"sipm16": 69.3859451777825,
	"sipm17": 56.42323287904878,
	"sipm18": 69.2633598570541,
	"sipm19": 55.781456400279176,
	"sipm20": 103.83511349494715,
	"sipm21": 35.626027000956526,
	"sipm22": 61.37882804160104,
	"sipm23": 42.14209076865815,
	"sipm24": 42.99999999999999,
	"sipm25": 67.7525974817465,
	"sipm26": 60.263359857054105,
	"sipm27": 108.58023359222571,
	"sipm28": 43.7525974817465,
	"sipm29": 39.12909550366166,
	"sipm30": 50.48732285987006,
	"sipm31": 53.12909550366167,
	"sipm32": 41.24942807266112,
	"sipm33": 34.52185898507443,
	"sipm34": 64.91297259243291,
	"sipm35": 54.91297259243291,
	"sipm36": 107.19584493554807,
	"sipm37": 46.84306603031912,
	"sipm38": 47.99999999999999,
	"sipm39": 58.9077982042095,
	"sipm40": 45.00713018464164,
	"sipm41": 40.52185898507444,
	"sipm42": 34.42323287904878,
	"sipm43": 50.37208707080549,
	"sipm44": 54.87963074411705,
	"sipm45": 56.78211157689218,
	"sipm46": 60.26354137465856,
	"sipm47": 46.263541374658544,
	"sipm48": 90.8323336229172,
	"sipm49": 51.75259748174649,
	"sipm50": 34.49783393910721,
	"sipm51": 29.2633598570541,
	"sipm52": 39.78211157689218,
	"sipm53": 68.62602700095653
}