{
	"sipm0": 64.06930562266245,
	"sipm1": 43.914928388851145,
	"sipm2": 70.2633598570541,
	"sipm3": 74.87613691497114,
	"sipm4": 71.54201439150407,
	"sipm5": 53.66120338850496,
	"sipm6": 50.3859451777825,
	"sipm7": 61.54201439150407,
	"sipm8": 73.87613691497114,
	"sipm9": 69.14209076865816,
	"sipm10": 46.360644241785046,
	"sipm11": 71.5747746697121,
	"sipm12": 73.90081508685371,
	"sipm13": 55.93744181361453,
	"sipm14": 56.308539201797906,
	"sipm15": 41.68858518734199,
	"sipm16": 61.62972766543433,
	"sipm17": 41.26844244599456,
	"sipm18": 47.372087070805485,
	"sipm19": 53.7525974817465,
	"sipm20": 50.50717530361453,
	"sipm21": 67.48732285987006,
	"sipm22": 56.44140192031507,
	"sipm23": 70.75271384182865,
	"sipm24": 44.66120338850495,
	"sipm25": 54.37426098222166,
	"sipm26": 63.38505370669673,
	"sipm27": 76.14209076865815,
	"sipm28": 49.5747746697121,
	"sipm29": 68.79874478889448,
	"sipm30": 67.14209076865816,
	"sipm31": 56.076694739718626,
	"sipm32": 66.42323287904878,
	"sipm33": 66.87613691497114,
	"sipm34": 79.26354137465856,
	"sipm35": 59.44140192031506,
	"sipm36": 58.24905883393143,
	"sipm37": 72.00713018464164,
	"sipm38": 52.3859451777825,
	"sipm39": 58.65174159821152,
	"sipm40": 51.79767589790523,
	"sipm41": 65.46370700063572,
	"sipm42": 36.71894744142317,
	"sipm43": 33.50717530361453,
	"sipm44": 51.71894744142317,
	"sipm45": 82.44140192031506,
	"sipm46": 52.135099237425074,
	"sipm47": 66.57596415339077,
	"sipm48": 63.87613691497114,
	"sipm49": 67.30485607440495,
	"sipm50": 77.59804105846854,
	"sipm51": 56.90081508685371,
	"sipm52": 79.02124348663907,
	"sipm53": 62.37426098222166
}