{
	"sipm0": 30.60128446288749,
	"sipm1": 72.52300081331211,
	"sipm2": 74.3924601071849,
	"sipm3": 91.51695791373842,
	"sipm4": 102.38725572752345,
	"sipm5": 70.52300081331211,
	"sipm6": 75.63935575821495,
	"sipm7": 57.463707000635736,
	"sipm8": 38.752713841828665,
	"sipm9": 109.72888559597507,
	"sipm10": 61.5230008133121,
	"sipm11": 68.80157246920263,
	"sipm12": 65.04432835779106,
	"sipm13": 91.00222911330565,
	"sipm14": 42.52185898507443,
	"sipm15": 71.49783393910721,
	"sipm16": 28.50717530361453,
	"sipm17": 47.290573931927725,
	"sipm18": 39.45120406298706,
	"sipm19": 76.00713018464164,
	"sipm20": 108.01984146673303,
	"sipm21": 68.37426098222166,
	"sipm22": 52.24905883393143,
	"sipm23": 70.06741322894302,
	"sipm24": 64.78145640027918,
	"sipm25": 46.24027498590211,
	"sipm26": 48.25223991498777,
	"sipm27": 102.15170527578096,
	"sipm28": 66.42323287904878,
	"sipm29": 71.78080267546105,
	"sipm30": 51.263541374658544,
	"sipm31": 70.12430624548973,
	"sipm32": 43.02124348663907,
	"sipm33": 57.135099237425074,
	"sipm34": 48.30485607440495,
	"sipm35": 57.7525974817465,
	"sipm36": 59.14275581867723,
	"sipm37": 77.93744181361453,
	"sipm38": 51.852381545314515,
	"sipm39": 65.14417277171107,
	"sipm40": 83.24942807266112,
	"sipm41": 70.79874478889448,
	"sipm42": 47.356886246604276,
	"sipm43": 30.142090768658164,
	"sipm44": 50.49991594216012,
	"sipm45": 87.44396737558546,
	"sipm46": 77.1761826281969,
	"sipm47": 19.698403022342546,
	"sipm48": 66.7086613808774,
	"sipm49": 59.113445282429566,
	"sipm50": 50.500810431526524,
	"sipm51": 39.14209076865815,
	"sipm52": 40.13509923742508,
	"sipm53": 45.44140192031506
}