{
	"sipm0": 57.3924601071849,
	"sipm1": 122.24639511729163,
	"sipm2": -27.538772305280474,
	"sipm3": 82.1761826281969,
	"sipm4": 57.76905794442992,
	"sipm5": 74.35688624660429,
	"sipm6": 71.84306603031912,
	"sipm7": 61.843066030319136,
	"sipm8": 73.13509923742508,
	"sipm9": 64.25223991498777,
	"sipm10": 69.71894744142317,
	"sipm11": 44.46938786280306,
	"sipm12": 52.487322859870076,
	"sipm13": 72.13509923742507,
	"sipm14": 58.52300081331211,
	"sipm15": 53.914928388851145,
	"sipm16": 61.48732285987007,
	"sipm17": 70.04432835779106,
	"sipm18": 67.50717530361453,
	"sipm19": 49.66120338850495,
	"sipm20": 64.97799264087398,
	"sipm21": 62.942914331339125,
	"sipm22": 61.769057944429925,
	"sipm23": 62.499915942160115,
	"sipm24": 50.97799264087397,
	"sipm25": 59.688585187342,
	"sipm26": 52.499915942160115,
	"sipm27": 52.14209076865815,
	"sipm28": 58.26354137465856,
	"sipm29": 101.91774103439562,
	"sipm30": 77.71894744142317,
	"sipm31": 63.069305622662455,
	"sipm32": 53.95212656200056,
	"sipm33": 43.7525974817465,
	"sipm34": 59.04432835779106,
	"sipm35": 48.14417277171107,
	"sipm36": 55.25723222719314,
	"sipm37": 36.872925162452376,
	"sipm38": 56.00713018464164,
	"sipm39": 49.30485607440495,
	"sipm40": 62.57596415339076,
	"sipm41": 55.90081508685371,
	"sipm42": 37.977103826871954,
	"sipm43": 42.021243486639065,
	"sipm44": 51.38505370669672,
	"sipm45": 65.84306603031914,
	"sipm46": 113.09874206842156,
	"sipm47": 70.44140192031506,
	"sipm48": 53.42323287904878,
	"sipm49": 58.752597481746506,
	"sipm50": 48.35181138523053,
	"sipm51": 48.12909550366166,
	"sipm52": 49.821973629067585,
	"sipm53": 58.462000375867596
}