{
	"sipm0": 63.46370700063572,
	"sipm1": 60.176182628196905,
	"sipm2": 74.49991594216013,
	"sipm3": 78.59804105846854,
	"sipm4": 72.57596415339077,
	"sipm5": 70.71523450194242,
	"sipm6": 72.87963074411707,
	"sipm7": 61.016342415303065,
	"sipm8": 69.12430624548972,
	"sipm9": 47.24027498590211,
	"sipm10": 61.688585187342,
	"sipm11": 59.308539201797906,
	"sipm12": 104.0823996531185,
	"sipm13": 63.52185898507444,
	"sipm14": 71.13509923742508,
	"sipm15": 64.08721352563865,
	"sipm16": 67.83233362291719,
	"sipm17": 69.79277482656923,
	"sipm18": 89.50227423227852,
	"sipm19": 78.07669473971863,
	"sipm20": 66.25223991498777,
	"sipm21": 75.57847290862293,
	"sipm22": 48.78145640027918,
	"sipm23": 90.32757571035661,
	"sipm24": 57.523000813312116,
	"sipm25": 58.344532951647636,
	"sipm26": 61.124306245489734,
	"sipm27": 84.49783393910721,
	"sipm28": 65.97799264087396,
	"sipm29": 69.42323287904878,
	"sipm30": 60.646485942856586,
	"sipm31": 65.23537391456611,
	"sipm32": 60.876136914971156,
	"sipm33": 52.1761826281969,
	"sipm34": 60.290573931927725,
	"sipm35": 59.135099237425074,
	"sipm36": 78.75280104064451,
	"sipm37": 89.99509892866399,
	"sipm38": 70.46370700063574,
	"sipm39": 53.83534138127712,
	"sipm40": 53.79277482656923,
	"sipm41": 65.24942807266112,
	"sipm42": 69.21127910138807,
	"sipm43": 65.37208707080549,
	"sipm44": 66.13509923742507,
	"sipm45": 110.31777356768461,
	"sipm46": 58.25223991498777,
	"sipm47": 70.91297259243291,
	"sipm48": 65.35666665113096,
	"sipm49": 78.99509892866399,
	"sipm50": 56.97710382687194,
	"sipm51": 51.44140192031507,
	"sipm52": 70.80157246920263,
	"sipm53": 69.93968226976901
}