{
	"sipm0": 66.65174159821152,
	"sipm1": 54.49991594216013,
	"sipm2": 58.37426098222165,
	"sipm3": 59.574774669712106,
	"sipm4": 58.30485607440495,
	"sipm5": 78.5747746697121,
	"sipm6": 71.66059924485401,
	"sipm7": 66.95212656200056,
	"sipm8": 42.21650804128023,
	"sipm9": 59.93744181361453,
	"sipm10": 70.02124348663907,
	"sipm11": 53.87963074411705,
	"sipm12": 71.30485607440497,
	"sipm13": 46.2633598570541,
	"sipm14": 63.14275581867724,
	"sipm15": 57.52185898507443,
	"sipm16": 52.18688122912451,
	"sipm17": 55.4978339391072,
	"sipm18": 41.5230008133121,
	"sipm19": 69.00713018464165,
	"sipm20": 51.574774669712106,
	"sipm21": 69.24942807266112,
	"sipm22": 69.66120338850496,
	"sipm23": 41.54201439150407,
	"sipm24": 58.38505370669674,
	"sipm25": 30.71894744142317,
	"sipm26": 65.49783393910722,
	"sipm27": 63.25223991498778,
	"sipm28": 122.6675343166802,
	"sipm29": 51.574774669712106,
	"sipm30": 49.83534138127712,
	"sipm31": 60.912972592432915,
	"sipm32": 44.7690579444299,
	"sipm33": 63.82197362906759,
	"sipm34": 59.18688122912451,
	"sipm35": 62.38505370669672,
	"sipm36": 64.46370700063574,
	"sipm37": 117.19094386421207,
	"sipm38": 52.14209076865815,
	"sipm39": 53.263359857054105,
	"sipm40": 50.78145640027918,
	"sipm41": 48.07669473971863,
	"sipm42": 70.42323287904878,
	"sipm43": 46.62602700095652,
	"sipm44": 60.35181138523055,
	"sipm45": 50.87613691497114,
	"sipm46": 55.97799264087397,
	"sipm47": 49.499915942160115,
	"sipm48": 74.00713018464164,
	"sipm49": 71.00713018464164,
	"sipm50": 54.35574317044906,
	"sipm51": 75.08721352563863,
	"sipm52": 62.65174159821152,
	"sipm53": 65.84306603031914
}