{
	"sipm0": 43.41987457916002,
	"sipm1": 56.87613691497114,
	"sipm2": 42.186881229124495,
	"sipm3": 59.75271384182866,
	"sipm4": 63.660599244854005,
	"sipm5": 64.92904169084858,
	"sipm6": 68.30485607440497,
	"sipm7": 54.87613691497115,
	"sipm8": 53.914928388851145,
	"sipm9": 70.14275581867724,
	"sipm10": 59.35688624660429,
	"sipm11": 58.78145640027918,
	"sipm12": 73.14275581867724,
	"sipm13": 71.0,
	"sipm14": 104.0823996531185,
	"sipm15": 69.37426098222164,
	"sipm16": 60.04922942912707,
	"sipm17": 41.12430624548973,
	"sipm18": 45.65664266954753,
	"sipm19": 67.54201439150407,
	"sipm20": 59.42323287904879,
	"sipm21": 57.24027498590212,
	"sipm22": 37.25223991498777,
	"sipm23": 113.74817328619592,
	"sipm24": 60.499915942160115,
	"sipm25": 58.53360371610557,
	"sipm26": 76.21127910138807,
	"sipm27": 60.14209076865816,
	"sipm28": 79.91297259243291,
	"sipm29": 63.30853920179791,
	"sipm30": 65.3859451777825,
	"sipm31": 61.74711490151561,
	"sipm32": 51.12430624548972,
	"sipm33": 63.2633598570541,
	"sipm34": 55.316504582017934,
	"sipm35": 53.747114901515616,
	"sipm36": 52.94625570651618,
	"sipm37": 71.52300081331211,
	"sipm38": 60.76905794442992,
	"sipm39": 64.688585187342,
	"sipm40": 61.31650458201793,
	"sipm41": 63.62602700095652,
	"sipm42": 54.929041690848564,
	"sipm43": 123.09384099708555,
	"sipm44": 30.469387862803046,
	"sipm45": 58.952126562000565,
	"sipm46": 39.91492838885114,
	"sipm47": 39.14807319011162,
	"sipm48": 56.12430624548973,
	"sipm49": 57.069305622662455,
	"sipm50": 42.75271384182865,
	"sipm51": 36.38505370669672,
	"sipm52": 50.52185898507444,
	"sipm53": 63.97799264087398
}