{
	"sipm0": 78.62972766543433,
	"sipm1": 54.62602700095653,
	"sipm2": 78.50717530361453,
	"sipm3": 80.49991594216013,
	"sipm4": 63.708661380877395,
	"sipm5": 76.87963074411705,
	"sipm6": 54.542014391504075,
	"sipm7": 51.499915942160115,
	"sipm8": 59.021243486639065,
	"sipm9": 73.91492838885114,
	"sipm10": 52.36064424178506,
	"sipm11": 53.01827066152035,
	"sipm12": 60.0,
	"sipm13": 70.0,
	"sipm14": 64.12430624548973,
	"sipm15": 59.60294212980455,
	"sipm16": 74.97799264087398,
	"sipm17": 71.54201439150407,
	"sipm18": 63.688585187342,
	"sipm19": 56.30485607440496,
	"sipm20": 71.04432835779104,
	"sipm21": 52.25723222719313,
	"sipm22": 75.26354137465856,
	"sipm23": 58.66120338850496,
	"sipm24": 77.14275581867724,
	"sipm25": 53.02124348663907,
	"sipm26": 52.02865535963467,
	"sipm27": 77.14209076865815,
	"sipm28": 61.93968226976901,
	"sipm29": 70.75271384182865,
	"sipm30": 68.46938786280305,
	"sipm31": 56.01827066152035,
	"sipm32": 62.2471989593555,
	"sipm33": 51.50717530361453,
	"sipm34": 69.12909550366166,
	"sipm35": 56.83534138127713,
	"sipm36": 75.02124348663907,
	"sipm37": 73.90081508685371,
	"sipm38": 68.06930562266245,
	"sipm39": 57.463707000635736,
	"sipm40": 47.57847290862292,
	"sipm41": 79.50081043152653,
	"sipm42": 75.9077982042095,
	"sipm43": 69.38505370669674,
	"sipm44": 70.30485607440497,
	"sipm45": 73.3924601071849,
	"sipm46": 54.602942129804546,
	"sipm47": 74.49991594216013,
	"sipm48": 47.021243486639065,
	"sipm49": 78.90081508685371,
	"sipm50": 41.521858985074424,
	"sipm51": 125.30755512491423,
	"sipm52": 68.1761826281969,
	"sipm53": 52.99999999999999
}