{
	"sipm0": 69.02124348663907,
	"sipm1": 63.660599244854005,
	"sipm2": 74.33954063944226,
	"sipm3": 76.688585187342,
	"sipm4": 66.53360371610556,
	"sipm5": 62.75271384182866,
	"sipm6": 80.0,
	"sipm7": 53.687901529957415,
	"sipm8": 60.13509923742507,
	"sipm9": 73.50081043152653,
	"sipm10": 57.316504582017934,
	"sipm11": 41.91492838885113,
	"sipm12": 69.71894744142317,
	"sipm13": 62.900815086853704,
	"sipm14": 63.49783393910721,
	"sipm15": 60.9858039201865,
	"sipm16": 49.57667440132092,
	"sipm17": 72.97710382687194,
	"sipm18": 68.44140192031506,
	"sipm19": 77.37208707080549,
	"sipm20": 58.63935575821495,
	"sipm21": 64.79277482656923,
	"sipm22": 52.41261521770562,
	"sipm23": 39.14417277171107,
	"sipm24": 40.949112903955886,
	"sipm25": 51.87963074411705,
	"sipm26": 58.263359857054105,
	"sipm27": 75.2633598570541,
	"sipm28": 66.65174159821152,
	"sipm29": 58.42323287904878,
	"sipm30": 59.87963074411705,
	"sipm31": 59.124306245489734,
	"sipm32": 47.63935575821493,
	"sipm33": 61.49783393910722,
	"sipm34": 53.843066030319115,
	"sipm35": 78.38416882529602,
	"sipm36": 71.91492838885114,
	"sipm37": 70.93968226976901,
	"sipm38": 59.78080267546106,
	"sipm39": 59.574774669712106,
	"sipm40": 64.90825346352469,
	"sipm41": 68.75280104064453,
	"sipm42": 60.626027000956526,
	"sipm43": 36.37208707080549,
	"sipm44": 52.02865535963467,
	"sipm45": 73.25723222719313,
	"sipm46": 69.65174159821152,
	"sipm47": 69.29057393192772,
	"sipm48": 63.66577363307743,
	"sipm49": 60.01827066152035,
	"sipm50": 66.53711332016806,
	"sipm51": 56.469387862803046,
	"sipm52": 63.289973127559335,
	"sipm53": 50.68368411600599
}