{
	"sipm0": 83.11344528242957,
	"sipm1": 60.499915942160115,
	"sipm2": 59.90081508685372,
	"sipm3": 57.66120338850496,
	"sipm4": 80.66059924485401,
	"sipm5": 74.14275581867724,
	"sipm6": 42.602942129804546,
	"sipm7": 70.24905883393143,
	"sipm8": 44.78080267546105,
	"sipm9": 60.13509923742507,
	"sipm10": 63.843066030319136,
	"sipm11": 72.84306603031914,
	"sipm12": 78.11344528242958,
	"sipm13": 70.62602700095653,
	"sipm14": 71.1761826281969,
	"sipm15": 75.07669473971862,
	"sipm16": 47.076694739718626,
	"sipm17": 42.90081508685371,
	"sipm18": 94.21160696994423,
	"sipm19": 59.83534138127712,
	"sipm20": 55.3085392017979,
	"sipm21": 52.06930562266246,
	"sipm22": 40.87613691497114,
	"sipm23": 64.3859451777825,
	"sipm24": 71.87963074411705,
	"sipm25": 60.02865535963467,
	"sipm26": 61.49783393910722,
	"sipm27": 67.37208707080549,
	"sipm28": 62.90779820420949,
	"sipm29": 64.65174159821152,
	"sipm30": 58.50717530361453,
	"sipm31": 71.60294212980455,
	"sipm32": 58.78080267546105,
	"sipm33": 35.36064424178505,
	"sipm34": 58.876136914971156,
	"sipm35": 70.3924601071849,
	"sipm36": 60.66120338850496,
	"sipm37": 68.12430624548973,
	"sipm38": 70.87963074411707,
	"sipm39": 75.01827066152035,
	"sipm40": 71.87963074411705,
	"sipm41": 63.050554022886736,
	"sipm42": 66.06930562266245,
	"sipm43": 68.50717530361453,
	"sipm44": 31.626027000956526,
	"sipm45": 58.665500316190005,
	"sipm46": 63.752713841828665,
	"sipm47": 42.688585187342,
	"sipm48": 60.02865535963467,
	"sipm49": 63.50717530361453,
	"sipm50": 62.02865535963466,
	"sipm51": 50.937441813614534,
	"sipm52": 61.90825346352469,
	"sipm53": 94.77655532894319
}